family,size,obs_overlap,null_mean,excess,p,q
Tubulin beta family,10,345.8,3.701064444444444,342.09893555555556,9.999000099990002e-05,0.00052267500522675
DNA polymerases,9,275.0,3.699986111111111,271.3000138888889,9.999000099990002e-05,0.00052267500522675
Sodium voltage-gated channel alpha subunits,9,224.33333333333334,3.699986111111111,220.63334722222223,9.999000099990002e-05,0.00052267500522675
Mitochondrially encoded protein coding genes,7,172.0,3.7623428571428574,168.23765714285713,9.999000099990002e-05,0.00052267500522675
NADH:ubiquinone oxidoreductase supernumerary subunits,30,172.0,3.7962901149425283,168.20370988505746,9.999000099990002e-05,0.00052267500522675
NADH:ubiquinone oxidoreductase core subunits,14,172.0,3.8437967032967033,168.1562032967033,9.999000099990002e-05,0.00052267500522675
Gamma-aminobutyric acid type A receptor subunits,16,127.41666666666667,3.7819225,123.63474416666668,9.999000099990002e-05,0.00052267500522675
Glutamate ionotropic receptor NMDA type subunits,7,121.04761904761905,3.7623428571428574,117.2852761904762,9.999000099990002e-05,0.00052267500522675
Adrenoceptors,9,113.0,3.699986111111111,109.30001388888888,9.999000099990002e-05,0.00052267500522675
Src family tyrosine kinases,9,106.63888888888889,3.699986111111111,102.93890277777777,9.999000099990002e-05,0.00052267500522675
Tubulin alpha family,6,81.0,3.8048800000000003,77.19512,9.999000099990002e-05,0.00052267500522675
Protein kinase C family,9,71.0,3.699986111111111,67.30001388888888,9.999000099990002e-05,0.00052267500522675
C2 domain containing protein kinases,7,71.0,3.7623428571428574,67.23765714285715,0.00019998000199980003,0.000999900009999
Phosphodiesterases,23,70.62450592885375,3.8334003952569167,66.79110553359683,9.999000099990002e-05,0.00052267500522675
Somatostatin receptors,5,67.1,3.7082900000000003,63.391709999999996,0.00029997000299970003,0.0014373562643735626
EPH receptors,14,60.043956043956044,3.8437967032967033,56.20015934065934,9.999000099990002e-05,0.00052267500522675
Sterile alpha motif domain containing,16,46.041666666666664,3.7819225,42.259744166666664,9.999000099990002e-05,0.00052267500522675
Glutamate ionotropic receptor kainate type subunits,5,42.0,3.7082900000000003,38.29171,0.0021997800219978004,0.010118988101189883
Poly(ADP-ribose) polymerases,5,39.3,3.7082900000000003,35.59171,0.0025997400259974,0.0114988501149885
I-set domain containing,19,35.83040935672515,3.843646783625731,31.98676257309942,9.999000099990002e-05,0.00052267500522675
Gamma-secretase complex subunits,6,33.0,3.8048800000000003,29.19512,0.0032996700329967,0.0140541501405415
Dopamine receptors,5,31.5,3.7082900000000003,27.79171,0.0058994100589941,0.022279022097790223
SH2 domain containing,26,31.532307692307693,3.7677486153846154,27.764559076923078,9.999000099990002e-05,0.00052267500522675
Potassium two pore domain channel subfamily K,5,31.3,3.7082900000000003,27.59171,0.006099390060993901,0.022279022097790223
FERM domain containing,5,31.0,3.7082900000000003,27.29171,0.006199380061993801,0.022279022097790223
Potassium voltage-gated channels,40,27.075641025641026,3.770215769230769,23.305425256410256,9.999000099990002e-05,0.00052267500522675
BTB domain containing,25,25.09,3.8187713333333333,21.271228666666666,9.999000099990002e-05,0.00052267500522675
Solute carrier family 6,5,24.1,3.7082900000000003,20.39171,0.012998700129987,0.04152362541523625
Interferon receptors,5,23.6,3.7082900000000003,19.89171,0.014198580141985802,0.04413072206292885
Sphingosine 1-phosphate receptors,5,23.2,3.7082900000000003,19.491709999999998,0.015498450154984501,0.04690320441640047
Cholinergic receptors muscarinic,5,20.9,3.7082900000000003,17.191709999999997,0.020897910208979104,0.060081491850814926
M10 matrix metallopeptidases,9,19.083333333333332,3.699986111111111,15.383347222222222,0.006199380061993801,0.022279022097790223
"5-hydroxytryptamine receptors, ionotropic",5,19.0,3.7082900000000003,15.29171,0.028597140285971403,0.07474252574742525
Calcium voltage-gated channel alpha1 subunits,10,18.555555555555557,3.701064444444444,14.854491111111113,0.0052994700529947,0.021765680574799662
S ribosomal proteins,33,18.0,3.758798295454546,14.241201704545453,9.999000099990002e-05,0.00052267500522675
L ribosomal proteins,45,18.0,3.7735415151515155,14.226458484848484,9.999000099990002e-05,0.00052267500522675
BCL2 family,6,17.8,3.8048800000000003,13.99512,0.025897410258974102,0.07263907755565907
Fibrillar collagens,11,17.0,3.7808509090909093,13.219149090909092,0.008799120087991202,0.02976172970938201
Collagens,6,17.0,3.8048800000000003,13.19512,0.030496950304969503,0.07624237576242375
Network forming collagens,6,17.0,3.8048800000000003,13.19512,0.030496950304969503,0.07624237576242375
Pleckstrin homology domain containing,12,16.060606060606062,3.7353954545454546,12.325210606060608,0.008599140085991401,0.02976172970938201
Tec family tyrosine kinases,5,14.4,3.7082900000000003,10.69171,0.0461953804619538,0.10841772965560585
Small nucleolar RNA protein coding host genes,31,13.834408602150537,3.803378494623656,10.031030107526881,9.999000099990002e-05,0.00052267500522675
Ring finger proteins,6,13.4,3.8048800000000003,9.59512,0.051894810518948106,0.11935806419358064
PAS domain containing,12,13.181818181818182,3.7353954545454546,9.446422727272727,0.018998100189981004,0.056020039021738854
ATPase Na+/K+ transporting subunits,7,12.857142857142858,3.7623428571428574,9.0948,0.04459554044595541,0.10684348231843482
"5-hydroxytryptamine receptors, G protein-coupled",12,11.924242424242424,3.7353954545454546,8.18884696969697,0.026797320267973202,0.07337361501945043
Cyclin dependent kinases,20,11.163157894736843,3.763635263157895,7.399522631578948,0.011898810118988102,0.03909609039096091
Bromodomain containing,6,10.066666666666666,3.8048800000000003,6.261786666666666,0.0827917208279172,0.18668721363157803
Flavoproteins,19,9.64327485380117,3.843646783625731,5.799628070175439,0.031296870312968704,0.07657744863811491
Toll like receptors,7,9.285714285714286,3.7623428571428574,5.523371428571429,0.09009099090090991,0.1918604435852711
V-set domain containing,26,8.526153846153846,3.7677486153846154,4.758405230769231,0.027497250274972504,0.07353915771213577
Caspases,12,8.045454545454545,3.7353954545454546,4.310059090909091,0.08809119088091191,0.19114126323216737
Protein phosphatase 1 regulatory subunits,18,7.411764705882353,3.7921339869281043,3.619630718954249,0.08689131086891311,0.19114126323216737
Laminin subunits,12,7.0,3.7353954545454546,3.2646045454545454,0.12238776122387761,0.25133200965617725
Proteasome,37,6.148648648648648,3.8209953453453456,2.3276533033033027,0.09349065093490651,0.1954804519548045
Carbonic anhydrases,12,5.9393939393939394,3.7353954545454546,2.203998484848485,0.17618238176182383,0.3493271362518921
Immunoglobulin like domain containing,26,5.6984615384615385,3.7677486153846154,1.930712923076923,0.15328467153284672,0.3092585478294276
M24 metallopeptidase family,5,5.0,3.7082900000000003,1.2917099999999997,0.22257774222577742,0.4338379721349899
Aminopeptidases,17,5.0,3.790931617647059,1.2090683823529411,0.24117588241175883,0.4473423625379398
AAA ATPases,6,5.0,3.8048800000000003,1.1951199999999997,0.23267673232676733,0.43865285602587284
B7 family,6,4.6,3.8048800000000003,0.7951199999999994,0.2585741425857414,0.47200041900571843
CD molecules,161,4.318555900621118,3.7877560248447204,0.5307998757763976,0.22807719228077192,0.43714795187147953
MicroRNA protein coding host genes,74,4.236949278045168,3.787106775268419,0.4498425027767494,0.30996900309969005,0.5406201804062019
Troponin complex subunits,6,4.2,3.8048800000000003,0.3951199999999999,0.28647135286471354,0.5147532121787821
M1 metallopeptidases,11,4.090909090909091,3.7808509090909093,0.31005818181818157,0.32966703329667035,0.5434028025768851
Caspase recruitment domain containing,9,3.8333333333333335,3.699986111111111,0.1333472222222225,0.3421657834216578,0.5465147929651479
Calcium channel auxiliary gamma subunits,8,4.0,3.8744857142857145,0.12551428571428547,0.3307669233076692,0.5434028025768851
BMP receptors,7,3.857142857142857,3.7623428571428574,0.09479999999999977,0.32466753324667535,0.5434028025768851
Solute carrier family 22,7,3.857142857142857,3.7623428571428574,0.09479999999999977,0.32466753324667535,0.5434028025768851
Fibrinogen C domain containing,6,3.8666666666666667,3.8048800000000003,0.061786666666666434,0.31026897310268975,0.5406201804062019
Mitogen-activated protein kinase kinase kinases,11,3.8,3.7808509090909093,0.01914909090909056,0.36136386361363865,0.5615789772374115
Armadillo like helical domain containing,7,3.7142857142857144,3.7623428571428574,-0.04805714285714302,0.33626637336266374,0.5446568019254413
Minor histocompatibility antigens,8,3.6785714285714284,3.8744857142857145,-0.19591428571428615,0.35996400359964004,0.5615789772374115
Fibronectin type III domain containing,20,3.4526315789473685,3.763635263157895,-0.3110036842105264,0.46065393460653936,0.6705721832880004
Cholinergic receptors nicotinic subunits,14,3.208791208791209,3.8437967032967033,-0.6350054945054944,0.47065293470652936,0.6765635936406359
"G protein-coupled receptors, Class F frizzled",6,3.0,3.8048800000000003,-0.8048800000000003,0.3925607439256074,0.6019264740192647
Complement system activation components,6,2.8666666666666667,3.8048800000000003,-0.9382133333333336,0.4076592340765923,0.6168527884053701
Interferons,15,2.7333333333333334,3.7488876190476184,-1.015554285714285,0.5571442855714429,0.7450185214036736
Interleukins,7,2.7142857142857144,3.7623428571428574,-1.048057142857143,0.4540545945405459,0.6694394663097792
Interleukin receptors,25,2.736666666666667,3.8187713333333333,-1.0821046666666665,0.6466353364663534,0.7910964222726663
Integrin beta subunits,6,2.6,3.8048800000000003,-1.2048800000000002,0.4383561643835616,0.6546877779754492
Tumor necrosis factor receptor superfamily,12,2.257575757575758,3.7353954545454546,-1.4778196969696968,0.6056394360563944,0.7881134963426735
Glucagon receptor family,6,2.1333333333333333,3.8048800000000003,-1.671546666666667,0.49955004499550043,0.692147652704609
Type 1 receptor serine/threonine kinases,5,2.0,3.7082900000000003,-1.7082900000000003,0.47735226477352266,0.677722351221668
Coagulation factors,13,2.0128205128205128,3.774748717948718,-1.7619282051282052,0.6858314168583142,0.8103169274909244
C-C motif chemokine receptors,5,1.9,3.7082900000000003,-1.8082900000000004,0.49405059494050596,0.692147652704609
Prostaglandin receptors,9,1.8888888888888888,3.699986111111111,-1.8110972222222221,0.6236376362363764,0.7881134963426735
TIR domain containing,6,1.9333333333333333,3.8048800000000003,-1.871546666666667,0.5326467353264673,0.7206397007358087
Elastases,9,1.8055555555555556,3.699986111111111,-1.8944305555555554,0.6398360163983602,0.7910964222726663
Kringle domain containing,8,1.8928571428571428,3.8744857142857145,-1.9816285714285717,0.6146385361463854,0.7881134963426735
Tumor necrosis factor superfamily,12,1.7272727272727273,3.7353954545454546,-2.0081227272727276,0.7202279772022798,0.8282621737826219
Potassium inwardly rectifying channel subfamily J,5,1.7,3.7082900000000003,-2.0082900000000006,0.5277472252774722,0.7206397007358087
EF-hand domain containing,7,1.7142857142857142,3.7623428571428574,-2.048057142857143,0.6124387561243876,0.7881134963426735
Serine proteases,15,1.542857142857143,3.7488876190476184,-2.2060304761904757,0.8127187281271873,0.8653949419872828
C2-set domain containing,11,1.4727272727272727,3.7808509090909093,-2.3081236363636366,0.7665233476652334,0.8642174998186456
Integrin alpha subunits,6,1.4,3.8048800000000003,-2.4048800000000004,0.6372362763723628,0.7910964222726663
Gla domain containing,7,1.3333333333333333,3.7623428571428574,-2.4290095238095244,0.6905309469053095,0.8103169274909244
Receptor ligands,28,1.3095238095238095,3.7571076719576726,-2.447583862433863,0.954904509549045,0.9663068780841214
Phospholipases,5,1.2,3.7082900000000003,-2.5082900000000006,0.622937706229377,0.7881134963426735
Sushi domain containing,10,1.1777777777777778,3.701064444444444,-2.5232866666666665,0.806019398060194,0.8653949419872828
Ankyrin repeat domain containing,7,1.2380952380952381,3.7623428571428574,-2.5242476190476193,0.7118288171182882,0.8268718582687186
Ribosomal protein S6 kinase family,6,1.2,3.8048800000000003,-2.6048800000000005,0.6816318368163183,0.8103169274909244
Mixed lineage kinase family,5,1.0,3.7082900000000003,-2.7082900000000003,0.6779322067793221,0.8103169274909244
Proteins encoded by multiple genes,8,1.0714285714285714,3.8744857142857145,-2.803057142857143,0.7925207479252074,0.8653949419872828
E2F transcription factors,8,1.0,3.8744857142857145,-2.8744857142857145,0.8077192280771923,0.8653949419872828
MAPK activated protein kinases,8,1.0,3.8744857142857145,-2.8744857142857145,0.8077192280771923,0.8653949419872828
IPT domain containing,5,0.8,3.7082900000000003,-2.90829,0.7343265673432656,0.836114408361144
Neuropeptides,7,0.7619047619047619,3.7623428571428574,-3.0004380952380956,0.83001699830017,0.8757060073809133
C-type lectin domain containing,9,0.6111111111111112,3.699986111111111,-3.088875,0.9187081291870813,0.9433163826474497
P2Y receptors,5,0.6,3.7082900000000003,-3.10829,0.7921207879212079,0.8653949419872828
Complement system regulators and receptors,6,0.6,3.8048800000000003,-3.20488,0.8387161283871613,0.8768395887683959
Chemokine ligands,5,0.4,3.7082900000000003,-3.3082900000000004,0.8614138586141386,0.8924557994650985
Ig-like cell adhesion molecule family,8,0.2857142857142857,3.8744857142857145,-3.588771428571429,0.9692030796920308,0.9692030796920308
Blood group antigens,6,0.2,3.8048800000000003,-3.60488,0.9579042095790421,0.9663068780841214
