gene_a,gene_b,shared_top50,excess_vs_null,null_percentile
RAB25,RAB4B,29,14.2,100.0
RAB17,RAB4A,28,13.2,99.9
RAB4B,RAB24,28,13.2,99.9
RAB25,RAB24,28,13.2,99.9
RAB27B,RAB8A,28,13.2,99.9
RAB3C,RAB28,27,12.2,99.6
RAB3C,RAB24,27,12.2,99.6
RAB3C,RAB37,27,12.2,99.6
RAB4B,RAB4A,27,12.2,99.6
RAB1A,RAB8A,27,12.2,99.6
RAB33A,RAB8B,27,12.2,99.6
RAB28,RAB42,27,12.2,99.6
RAB32,RAB38,27,12.2,99.6
RAB3D,RAB34,27,12.2,99.6
RAB1B,RAB6A,27,12.2,99.6
RAB17,RAB28,27,12.2,99.6
RAB3B,RAB42,27,12.2,99.6
RAB17,RAB3C,27,12.2,99.6
RAB9B,RAB31,27,12.2,99.6
RAB20,RAB3C,26,11.2,98.6
RAB3B,RAB6D,26,11.2,98.6
RAB28,RAB3B,26,11.2,98.6
RAB28,RAB6D,26,11.2,98.6
RAB3C,RAB4B,26,11.2,98.6
RAB9A,RAB1B,26,11.2,98.6
RAB21,RAB10,26,11.2,98.6
RAB9A,RAB6A,26,11.2,98.6
RAB3C,RAB42,26,11.2,98.6
RAB3C,RAB3B,26,11.2,98.6
RAB42,RAB6D,26,11.2,98.6
RAB40C,RAB6C,26,11.2,98.6
RAB10,RAB13,26,11.2,98.6
RAB38,RAB39A,26,11.2,98.6
RAB17,RAB4B,26,11.2,98.6
RAB17,RAB42,26,11.2,98.6
RAB29,RAB1A,26,11.2,98.6
RAB29,RAB8A,26,11.2,98.6
RAB36,RAB41,26,11.2,98.6
RAB17,RAB25,26,11.2,98.6
RAB22A,RAB1A,26,11.2,98.6
RAB28,RAB4A,26,11.2,98.6
RAB10,RAB14,26,11.2,98.6
RAB25,RAB4A,26,11.2,98.6
RAB18,RAB31,26,11.2,98.6
RAB25,RAB3C,26,11.2,98.6
RAB26,RAB43,26,11.2,98.6
RAB24,RAB37,26,11.2,98.6
RAB27B,RAB1A,26,11.2,98.6
RAB22A,RAB8A,26,11.2,98.6
RAB34,RAB40B,25,10.2,96.8
RAB4A,RAB6D,25,10.2,96.8
RAB38,RAB8A,25,10.2,96.8
RAB5C,RAB5B,25,10.2,96.8
RAB3D,RAB3B,25,10.2,96.8
RAB27B,RAB32,25,10.2,96.8
RAB27B,RAB38,25,10.2,96.8
RAB6C,RAB6D,25,10.2,96.8
RAB3D,RAB6D,25,10.2,96.8
RAB17,RAB3B,25,10.2,96.8
RAB21,RAB13,25,10.2,96.8
RAB17,RAB39A,25,10.2,96.8
RAB25,RAB28,25,10.2,96.8
RAB25,RAB6D,25,10.2,96.8
RAB25,RAB37,25,10.2,96.8
RAB4B,RAB37,25,10.2,96.8
RAB17,RAB6D,25,10.2,96.8
CRACR2A,RAB8A,25,10.2,96.8
RAB27A,RAB39A,25,10.2,96.8
RAB32,RAB3B,25,10.2,96.8
RAB32,RAB28,25,10.2,96.8
RAB32,RAB39A,25,10.2,96.8
RAB23,RAB39A,25,10.2,96.8
RAB11A,RAB11B,25,10.2,96.8
RAB11A,RAB33B,25,10.2,96.8
RAB29,RAB43,25,10.2,96.8
RAB25,RAB3B,25,10.2,96.8
RAB32,RAB8A,25,10.2,96.8
RAB14,RAB2B,25,10.2,96.8
RAB32,RAB6C,25,10.2,96.8
RAB32,RAB6D,25,10.2,96.8
RAB17,RAB24,25,10.2,96.8
RAB36,RAB33A,25,10.2,96.8
RAB28,RAB4B,25,10.2,96.8
RAB3C,RAB39A,25,10.2,96.8
RAB28,RAB39A,25,10.2,96.8
RAB18,RAB5B,25,10.2,96.8
RAB18,RAB9B,25,10.2,96.8
RAB20,RAB37,25,10.2,96.8
RAB20,RAB28,25,10.2,96.8
RAB10,RAB24,25,10.2,96.8
RAB29,RAB22A,25,10.2,96.8
RAB5B,RAB31,25,10.2,96.8
RAB35,RAB31,25,10.2,96.8
RAB20,RAB24,25,10.2,96.8
RAB23,RAB43,25,10.2,96.8
RAB28,RAB24,25,10.2,96.8
RAB8A,RAB43,25,10.2,96.8
RAB9A,RAB31,25,10.2,96.8
RAB38,RAB3B,25,10.2,96.8
RAB38,RAB43,25,10.2,96.8
RAB38,RAB28,25,10.2,96.8
RAB4A,RAB42,25,10.2,96.8
RAB10,RAB17,25,10.2,96.8
RAB3C,RAB4A,25,10.2,96.8
RAB38,RAB42,25,10.2,96.8
RAB27B,RAB43,25,10.2,96.8
RAB5B,RAB35,25,10.2,96.8
RAB4A,RAB24,25,10.2,96.8
RAB31,RAB1B,25,10.2,96.8
RAB31,RAB6A,25,10.2,96.8
RAB4A,RAB39A,25,10.2,96.8
RAB43,RAB6D,24,9.2,93.7
RAB27B,RAB7A,24,9.2,93.7
RAB27B,RAB29,24,9.2,93.7
RAB5C,RAB35,24,9.2,93.7
RAB34,RAB3B,24,9.2,93.7
RAB27B,RAB3D,24,9.2,93.7
RAB34,RAB40C,24,9.2,93.7
RAB3D,RAB32,24,9.2,93.7
RAB2A,RAB4A,24,9.2,93.7
RAB2A,RAB43,24,9.2,93.7
RAB4A,RAB6C,24,9.2,93.7
RAB39A,RAB42,24,9.2,93.7
RAB27B,CRACR2A,24,9.2,93.7
RAB9B,RAB6A,24,9.2,93.7
RAB38,RAB1A,24,9.2,93.7
RAB38,RAB17,24,9.2,93.7
RAB38,RAB26,24,9.2,93.7
RAB7A,RAB3D,24,9.2,93.7
RAB28,RAB37,24,9.2,93.7
RAB3C,RAB6D,24,9.2,93.7
RAB28,RAB26,24,9.2,93.7
RAB38,RAB6D,24,9.2,93.7
RAB17,RAB20,24,9.2,93.7
RAB32,RAB42,24,9.2,93.7
RAB32,RAB4A,24,9.2,93.7
RAB14,RAB13,24,9.2,93.7
RAB9B,RAB9A,24,9.2,93.7
RAB32,RAB1A,24,9.2,93.7
RAB32,RAB17,24,9.2,93.7
RAB32,RAB43,24,9.2,93.7
RAB17,RAB8A,24,9.2,93.7
RAB17,RAB37,24,9.2,93.7
RAB17,RAB26,24,9.2,93.7
RAB13,RAB31,24,9.2,93.7
RAB13,RAB24,24,9.2,93.7
RAB13,RAB3C,24,9.2,93.7
RAB40B,RAB11B,24,9.2,93.7
RAB13,RAB39A,24,9.2,93.7
RAB21,RAB14,24,9.2,93.7
RAB27A,RAB24,24,9.2,93.7
RAB4B,RAB6C,24,9.2,93.7
RAB4B,RAB6D,24,9.2,93.7
RAB26,RAB42,24,9.2,93.7
RAB26,RAB6C,24,9.2,93.7
RAB26,RAB6D,24,9.2,93.7
RAB2B,RAB33A,24,9.2,93.7
RAB2B,RAB44,24,9.2,93.7
RAB18,RAB13,24,9.2,93.7
RAB18,RAB30,24,9.2,93.7
RAB4B,RAB3B,24,9.2,93.7
RAB8A,RAB39A,24,9.2,93.7
RAB8A,RAB4A,24,9.2,93.7
RAB26,RAB3B,24,9.2,93.7
RAB4B,RAB39A,24,9.2,93.7
RAB4B,RAB42,24,9.2,93.7
RAB25,RAB20,24,9.2,93.7
RAB25,RAB39A,24,9.2,93.7
RAB23,RAB6C,24,9.2,93.7
RAB33A,RAB15,24,9.2,93.7
RAB33A,RAB19,24,9.2,93.7
RAB33A,RAB41,24,9.2,93.7
RAB25,RAB42,24,9.2,93.7
RAB25,RAB6C,24,9.2,93.7
RAB33A,RAB39B,24,9.2,93.7
RAB18,RAB35,24,9.2,93.7
RAB10,RAB39A,24,9.2,93.7
RAB20,RAB4B,24,9.2,93.7
RAB23,RAB3C,24,9.2,93.7
RAB23,RAB25,24,9.2,93.7
RAB23,RAB24,24,9.2,93.7
RAB23,RAB40A,24,9.2,93.7
RAB23,RAB4B,24,9.2,93.7
RAB23,RAB4A,24,9.2,93.7
RAB2A,RAB8A,24,9.2,93.7
RAB20,RAB13,24,9.2,93.7
RAB20,RAB19,24,9.2,93.7
RAB21,RAB39A,24,9.2,93.7
RAB30,RAB26,24,9.2,93.7
RAB3B,RAB6C,24,9.2,93.7
RAB3B,RAB24,24,9.2,93.7
RAB23,RAB32,24,9.2,93.7
RAB23,RAB38,24,9.2,93.7
RAB35,RAB13,24,9.2,93.7
RAB10,RAB3C,24,9.2,93.7
RAB10,RAB2B,24,9.2,93.7
RAB10,RAB25,24,9.2,93.7
RAB1A,RAB43,24,9.2,93.7
RAB10,RAB4B,24,9.2,93.7
RAB10,RAB4A,24,9.2,93.7
RAB4A,RAB3B,24,9.2,93.7
RAB27A,RAB25,24,9.2,93.7
RAB27A,RAB23,24,9.2,93.7
RAB27B,RAB22A,24,9.2,93.7
RAB3D,RAB40C,24,9.2,93.7
RAB3D,RAB40B,24,9.2,93.7
RAB24,RAB6D,24,9.2,93.7
RAB24,RAB39A,24,9.2,93.7
RAB43,RAB39A,24,9.2,93.7
RAB43,RAB40C,24,9.2,93.7
RAB43,RAB6C,24,9.2,93.7
RAB24,RAB42,24,9.2,93.7
RAB40A,RAB40C,24,9.2,93.7
RAB27B,RAB39A,24,9.2,93.7
RAB27B,RAB3B,24,9.2,93.7
RAB37,RAB42,24,9.2,93.7
RAB38,RAB3C,24,9.2,93.7
RAB36,RAB8B,24,9.2,93.7
RAB36,RAB19,24,9.2,93.7
RAB9B,RAB1B,24,9.2,93.7
RAB7A,RAB6D,23,8.2,89.4
RAB7A,RAB4A,23,8.2,89.4
RAB7A,RAB3B,23,8.2,89.4
RAB7A,RAB43,23,8.2,89.4
RAB7A,RAB8A,23,8.2,89.4
RAB41,RAB39B,23,8.2,89.4
RAB41,RAB8B,23,8.2,89.4
RAB19,RAB41,23,8.2,89.4
RAB21,RAB3C,23,8.2,89.4
RAB36,RAB15,23,8.2,89.4
RAB38,RAB1B,23,8.2,89.4
RAB18,RAB39B,23,8.2,89.4
RAB38,RAB13,23,8.2,89.4
RAB9B,RAB13,23,8.2,89.4
RAB8A,RAB3B,23,8.2,89.4
RAB8A,RAB26,23,8.2,89.4
RAB7A,RAB5A,23,8.2,89.4
RAB7A,CRACR2A,23,8.2,89.4
RAB7A,RAB25,23,8.2,89.4
RAB7A,RAB23,23,8.2,89.4
RAB7A,RAB2A,23,8.2,89.4
RAB7A,RAB34,23,8.2,89.4
RAB28,RAB6C,23,8.2,89.4
RAB28,RAB40A,23,8.2,89.4
RAB38,RAB4A,23,8.2,89.4
RAB18,RAB8B,23,8.2,89.4
RAB2B,RAB8B,23,8.2,89.4
RAB2B,RAB20,23,8.2,89.4
RAB2B,RAB13,23,8.2,89.4
RAB2B,RAB19,23,8.2,89.4
RAB17,RAB6C,23,8.2,89.4
RAB17,RAB43,23,8.2,89.4
RAB21,RAB28,23,8.2,89.4
RAB21,RAB38,23,8.2,89.4
RAB21,RAB17,23,8.2,89.4
RAB21,RAB35,23,8.2,89.4
RAB7A,RAB6C,23,8.2,89.4
RAB13,RAB37,23,8.2,89.4
RAB13,RAB4B,23,8.2,89.4
RAB13,RAB19,23,8.2,89.4
RAB13,RAB28,23,8.2,89.4
RAB17,RAB1A,23,8.2,89.4
RAB17,RAB13,23,8.2,89.4
RAB22A,RAB4A,23,8.2,89.4
RAB22A,RAB33B,23,8.2,89.4
RAB22A,RASEF,23,8.2,89.4
RAB22A,CRACR2A,23,8.2,89.4
RAB3C,RAB26,23,8.2,89.4
RAB7A,RAB40C,23,8.2,89.4
RAB5A,RAB43,23,8.2,89.4
RAB2A,RAB14,23,8.2,89.4
RAB23,RAB5A,23,8.2,89.4
RAB23,RAB17,23,8.2,89.4
RAB35,RAB9B,23,8.2,89.4
RAB5B,RAB1B,23,8.2,89.4
RAB5B,RAB6A,23,8.2,89.4
RAB3B,RAB40A,23,8.2,89.4
RAB3B,RAB43,23,8.2,89.4
RAB3B,RAB37,23,8.2,89.4
RAB3B,RAB39A,23,8.2,89.4
RAB27A,RAB13,23,8.2,89.4
RAB28,RAB43,23,8.2,89.4
RAB4A,RAB40C,23,8.2,89.4
RAB4A,RAB43,23,8.2,89.4
RAB2A,RAB39A,23,8.2,89.4
RAB5B,RAB13,23,8.2,89.4
RAB5B,RAB5A,23,8.2,89.4
RAB5B,RAB14,23,8.2,89.4
RAB5B,RAB9A,23,8.2,89.4
RAB34,RAB6C,23,8.2,89.4
RAB34,RAB6D,23,8.2,89.4
RAB34,RAB11B,23,8.2,89.4
RAB5C,RAB39B,23,8.2,89.4
RAB3D,RAB43,23,8.2,89.4
RAB27A,RAB10,23,8.2,89.4
RAB39B,RAB8B,23,8.2,89.4
RAB14,RAB24,23,8.2,89.4
RAB32,RAB40C,23,8.2,89.4
RAB32,RAB40A,23,8.2,89.4
RAB32,RAB4B,23,8.2,89.4
RAB32,RAB26,23,8.2,89.4
RAB32,RAB3C,23,8.2,89.4
RAB27A,RAB4B,23,8.2,89.4
RAB4B,RAB40C,23,8.2,89.4
RAB26,RAB4A,23,8.2,89.4
RAB8A,RAB6D,23,8.2,89.4
RAB2A,RAB29,23,8.2,89.4
RAB29,RAB6C,23,8.2,89.4
RAB29,RAB26,23,8.2,89.4
RAB29,RAB4A,23,8.2,89.4
RAB23,RAB6D,23,8.2,89.4
RAB23,RAB3B,23,8.2,89.4
RAB23,RAB28,23,8.2,89.4
RAB23,RAB8A,23,8.2,89.4
RAB2A,RAB1A,23,8.2,89.4
RAB2A,RAB5A,23,8.2,89.4
RAB2A,RAB17,23,8.2,89.4
RAB2A,RAB5B,23,8.2,89.4
RAB2A,RAB23,23,8.2,89.4
RAB32,RAB25,23,8.2,89.4
RAB30,RAB13,23,8.2,89.4
RAB3D,RAB28,23,8.2,89.4
RAB27A,RAB21,23,8.2,89.4
RAB20,RAB4A,23,8.2,89.4
RAB20,RAB8B,23,8.2,89.4
RAB20,RAB42,23,8.2,89.4
RAB3D,RAB4A,23,8.2,89.4
RAB20,RAB39A,23,8.2,89.4
RAB15,RAB8B,23,8.2,89.4
RAB21,RAB24,23,8.2,89.4
RAB3D,RAB17,23,8.2,89.4
RAB21,RAB31,23,8.2,89.4
RAB3D,RAB25,23,8.2,89.4
RAB3D,RAB42,23,8.2,89.4
RAB3B,RAB40C,23,8.2,89.4
RAB21,RAB42,23,8.2,89.4
RAB40C,RAB6D,23,8.2,89.4
RAB39A,RAB6D,23,8.2,89.4
RAB10,RAB35,23,8.2,89.4
RAB10,RAB5B,23,8.2,89.4
RAB10,RAB2A,23,8.2,89.4
RAB27B,RAB17,23,8.2,89.4
RAB13,RAB5A,23,8.2,89.4
RAB27B,RAB23,23,8.2,89.4
RAB30,RAB43,23,8.2,89.4
RAB10,RAB28,23,8.2,89.4
RAB1A,RAB4A,23,8.2,89.4
RAB10,RAB38,23,8.2,89.4
RAB10,RAB8A,23,8.2,89.4
RAB10,RAB23,23,8.2,89.4
RAB3D,RAB6C,23,8.2,89.4
RAB3D,RAB8A,23,8.2,89.4
RAB27B,RAB4A,23,8.2,89.4
RAB40A,RAB6C,23,8.2,89.4
RAB27B,RAB26,23,8.2,89.4
RAB27B,RAB2A,23,8.2,89.4
RAB33A,RAB20,23,8.2,89.4
RAB27B,RAB6D,23,8.2,89.4
RAB27B,RAB42,23,8.2,89.4
RAB25,RAB43,23,8.2,89.4
RAB25,RAB13,23,8.2,89.4
RAB25,RAB40C,23,8.2,89.4
RAB29,RAB39A,22,7.2,84.2
RAB5C,RAB14,22,7.2,84.2
RAB43,RAB42,22,7.2,84.2
RAB2A,RAB3D,22,7.2,84.2
RAB5C,RAB31,22,7.2,84.2
RAB29,CRACR2A,22,7.2,84.2
RAB34,RAB32,22,7.2,84.2
RAB29,RAB32,22,7.2,84.2
RAB29,RAB38,22,7.2,84.2
RAB29,RAB17,22,7.2,84.2
RAB34,RAB25,22,7.2,84.2
RAB34,RAB42,22,7.2,84.2
RAB27B,RAB25,22,7.2,84.2
RAB23,RAB40C,22,7.2,84.2
RAB23,RAB42,22,7.2,84.2
RAB29,RAB33B,22,7.2,84.2
RAB23,RAB1A,22,7.2,84.2
RAB32,RAB13,22,7.2,84.2
RAB32,RAB22A,22,7.2,84.2
RAB26,RAB40C,22,7.2,84.2
RAB27A,RAB43,22,7.2,84.2
RAB10,RAB15,22,7.2,84.2
RAB27A,RAB4A,22,7.2,84.2
RAB27A,RAB3C,22,7.2,84.2
RAB10,RAB19,22,7.2,84.2
RAB26,RAB24,22,7.2,84.2
RAB10,RAB8B,22,7.2,84.2
RAB29,RAB6D,22,7.2,84.2
RAB4B,RAB43,22,7.2,84.2
RAB4B,RAB26,22,7.2,84.2
RAB8A,RAB6A,22,7.2,84.2
RAB6A,RAB39A,22,7.2,84.2
RAB8A,RAB42,22,7.2,84.2
RAB8A,RAB6C,22,7.2,84.2
RAB37,RAB39A,22,7.2,84.2
RAB1A,RAB39A,22,7.2,84.2
RAB5C,RAB9A,22,7.2,84.2
RAB1A,RAB6D,22,7.2,84.2
RAB34,RAB40A,22,7.2,84.2
RAB4B,RAB40A,22,7.2,84.2
RAB35,RAB9A,22,7.2,84.2
RAB40A,RAB42,22,7.2,84.2
RAB2A,RAB6D,22,7.2,84.2
RAB3D,RAB4B,22,7.2,84.2
RAB10,RAB5A,22,7.2,84.2
RAB4A,RAB37,22,7.2,84.2
RAB4A,RAB40A,22,7.2,84.2
RAB24,RAB43,22,7.2,84.2
RAB24,RAB6C,22,7.2,84.2
RAB40A,RAB37,22,7.2,84.2
RAB27B,RAB6C,22,7.2,84.2
RAB27A,RAB38,22,7.2,84.2
RAB27A,RAB17,22,7.2,84.2
RAB27A,RAB35,22,7.2,84.2
RAB27A,RAB32,22,7.2,84.2
RAB27A,RAB14,22,7.2,84.2
RAB3D,RAB38,22,7.2,84.2
RAB40A,RAB43,22,7.2,84.2
RAB27A,RAB2A,22,7.2,84.2
RAB43,RAB1B,22,7.2,84.2
RAB4A,RAB44,22,7.2,84.2
RAB27A,RAB5A,22,7.2,84.2
RAB42,RAB6C,22,7.2,84.2
RAB2A,RAB22A,22,7.2,84.2
RAB3D,RAB11B,22,7.2,84.2
RAB2A,RAB25,22,7.2,84.2
RAB3D,RAB39A,22,7.2,84.2
RAB3D,RAB1A,22,7.2,84.2
RAB3D,CRACR2A,22,7.2,84.2
RAB23,RAB13,22,7.2,84.2
RAB5B,RAB9B,22,7.2,84.2
RAB23,CRACR2A,22,7.2,84.2
RAB3D,RAB26,22,7.2,84.2
RAB23,RAB20,22,7.2,84.2
RAB27B,RAB5A,22,7.2,84.2
RAB23,RAB29,22,7.2,84.2
RAB27B,RAB28,22,7.2,84.2
RAB35,RAB6A,22,7.2,84.2
RAB35,RAB5A,22,7.2,84.2
RAB35,RAB39B,22,7.2,84.2
RAB2A,RAB24,22,7.2,84.2
RAB35,RAB30,22,7.2,84.2
RAB35,RAB14,22,7.2,84.2
RAB40A,RAB6D,22,7.2,84.2
RAB5A,RAB3C,22,7.2,84.2
RAB13,RAB43,22,7.2,84.2
RAB10,RAB44,22,7.2,84.2
RAB13,RAB1B,22,7.2,84.2
RAB13,RAB6A,22,7.2,84.2
RAB13,RAB42,22,7.2,84.2
RAB10,RAB42,22,7.2,84.2
RAB13,RAB4A,22,7.2,84.2
RAB10,RAB6A,22,7.2,84.2
RAB18,RAB5C,22,7.2,84.2
RAB13,RAB8B,22,7.2,84.2
RAB17,RAB40C,22,7.2,84.2
RAB27B,RAB10,22,7.2,84.2
RAB18,RAB6A,22,7.2,84.2
RAB17,RAB30,22,7.2,84.2
RAB18,RAB9A,22,7.2,84.2
RAB17,RAB5A,22,7.2,84.2
RAB17,RAB2B,22,7.2,84.2
RAB22A,RAB43,22,7.2,84.2
RAB20,RAB3B,22,7.2,84.2
RAB20,RAB6D,22,7.2,84.2
RAB36,RAB39B,22,7.2,84.2
RAB3C,RAB6C,22,7.2,84.2
RAB3C,RAB40A,22,7.2,84.2
RAB3C,RAB43,22,7.2,84.2
RAB18,RAB1B,22,7.2,84.2
RAB18,RAB20,22,7.2,84.2
RAB18,RAB19,22,7.2,84.2
RAB18,RAB33A,22,7.2,84.2
CRACR2A,RAB6C,22,7.2,84.2
CRACR2A,RAB3B,22,7.2,84.2
CRACR2A,RAB43,22,7.2,84.2
CRACR2A,RAB1A,22,7.2,84.2
RAB2B,RAB24,22,7.2,84.2
RAB25,RAB5A,22,7.2,84.2
RAB25,RAB26,22,7.2,84.2
RAB25,RAB8A,22,7.2,84.2
RAB25,RAB40A,22,7.2,84.2
RAB5A,RAB8A,22,7.2,84.2
RAB33A,RAB13,22,7.2,84.2
RAB21,RAB25,22,7.2,84.2
RAB10,RAB37,22,7.2,84.2
RAB21,RAB2B,22,7.2,84.2
RAB21,RAB5B,22,7.2,84.2
RAB10,RAB43,22,7.2,84.2
RAB21,RAB32,22,7.2,84.2
RAB5A,RAB31,22,7.2,84.2
RAB5A,RAB3B,22,7.2,84.2
RAB5A,RAB24,22,7.2,84.2
RAB10,RAB31,22,7.2,84.2
RAB5A,RAB28,22,7.2,84.2
RAB17,RAB44,22,7.2,84.2
RAB40B,RAB40C,22,7.2,84.2
RAB7A,RAB22A,22,7.2,84.2
RAB7A,RAB17,22,7.2,84.2
RAB30,RAB28,22,7.2,84.2
RAB30,RAB31,22,7.2,84.2
RAB7A,RAB1A,22,7.2,84.2
RAB7A,RAB32,22,7.2,84.2
RAB1A,RAB3B,22,7.2,84.2
RAB28,RAB40C,22,7.2,84.2
RAB1A,RAB26,22,7.2,84.2
RAB10,RAB32,22,7.2,84.2
RAB28,RAB8A,22,7.2,84.2
RAB21,RAB18,22,7.2,84.2
RAB11A,RAB34,22,7.2,84.2
RAB14,RAB39A,22,7.2,84.2
RAB14,RAB4A,22,7.2,84.2
RAB14,RAB31,22,7.2,84.2
RAB14,RAB4B,22,7.2,84.2
RAB14,RAB20,22,7.2,84.2
RAB14,RAB5A,22,7.2,84.2
RAB14,RAB17,22,7.2,84.2
RAB14,RAB25,22,7.2,84.2
RAB10,RAB20,22,7.2,84.2
RAB10,RAB1A,22,7.2,84.2
RAB10,RAB33A,22,7.2,84.2
RAB10,RAB29,22,7.2,84.2
RAB21,RAB2A,22,7.2,84.2
RAB7A,RAB39A,22,7.2,84.2
RAB15,RAB39B,22,7.2,84.2
RAB15,RAB41,22,7.2,84.2
RAB15,RAB19,22,7.2,84.2
RAB7A,RAB28,22,7.2,84.2
RAB21,RAB3B,22,7.2,84.2
RAB7A,RAB4B,22,7.2,84.2
RAB21,RAB4A,22,7.2,84.2
RAB19,RAB37,22,7.2,84.2
RAB19,RAB8B,22,7.2,84.2
RAB21,RAB4B,22,7.2,84.2
RAB40B,RAB40A,22,7.2,84.2
RAB5A,RAB39A,22,7.2,84.2
RAB21,RAB5A,22,7.2,84.2
RAB21,RAB6A,22,7.2,84.2
RAB21,RAB1B,22,7.2,84.2
RAB38,RAB6A,22,7.2,84.2
RAB38,RAB6C,22,7.2,84.2
RAB38,RAB31,22,7.2,84.2
RAB38,RAB24,22,7.2,84.2
RAB38,RAB4B,22,7.2,84.2
RAB38,RAB25,22,7.2,84.2
RAB38,RAB30,22,7.2,84.2
RAB9A,RAB38,22,7.2,84.2
RAB14,RAB44,22,7.2,84.2
RAB19,RAB3C,22,7.2,84.2
RAB27B,RAB40B,21,6.2,78.2
RAB39A,RAB6C,21,6.2,78.2
RAB27B,RAB27A,21,6.2,78.2
RAB27B,RAB21,21,6.2,78.2
RAB39A,RAB40C,21,6.2,78.2
RAB6A,RAB44,21,6.2,78.2
RAB42,RAB40C,21,6.2,78.2
RAB27B,RAB3C,21,6.2,78.2
RAB1B,RAB39A,21,6.2,78.2
RAB27B,RAB34,21,6.2,78.2
RAB27B,RAB13,21,6.2,78.2
CRACR2A,RAB25,21,6.2,78.2
RAB17,RAB40A,21,6.2,78.2
RAB36,RAB9B,21,6.2,78.2
CRACR2A,RAB40B,21,6.2,78.2
CRACR2A,RAB5A,21,6.2,78.2
CRACR2A,RAB11B,21,6.2,78.2
CRACR2A,RAB42,21,6.2,78.2
CRACR2A,RAB40C,21,6.2,78.2
CRACR2A,RAB6D,21,6.2,78.2
RAB18,RAB38,21,6.2,78.2
CRACR2A,RAB4A,21,6.2,78.2
RAB3D,RAB40A,21,6.2,78.2
RAB3D,RAB3C,21,6.2,78.2
RAB31,RAB43,21,6.2,78.2
RAB3D,RAB24,21,6.2,78.2
RAB3D,RAB33B,21,6.2,78.2
RAB27A,RAB20,21,6.2,78.2
RAB31,RAB39A,21,6.2,78.2
RAB27A,RAB5B,21,6.2,78.2
RAB27A,RAB29,21,6.2,78.2
CRACR2A,RAB39A,21,6.2,78.2
RAB22A,RAB39A,21,6.2,78.2
RAB22A,RAB40C,21,6.2,78.2
RAB22A,RAB6C,21,6.2,78.2
RAB22A,RAB6D,21,6.2,78.2
RAB17,CRACR2A,21,6.2,78.2
RAB18,RAB28,21,6.2,78.2
RAB18,RAB2B,21,6.2,78.2
RAB22A,RAB17,21,6.2,78.2
RAB25,RAB30,21,6.2,78.2
RAB25,RAB1A,21,6.2,78.2
RAB33A,RAB31,21,6.2,78.2
RAB33A,RAB30,21,6.2,78.2
RAB33A,RAB3C,21,6.2,78.2
RAB26,RAB37,21,6.2,78.2
RAB26,RAB1B,21,6.2,78.2
RAB8A,RAB40C,21,6.2,78.2
RAB8A,RAB4B,21,6.2,78.2
RAB5C,RAB9B,21,6.2,78.2
RAB3A,RAB11B,21,6.2,78.2
RAB26,RAB39A,21,6.2,78.2
RAB27A,RAB28,21,6.2,78.2
RAB4B,RAB44,21,6.2,78.2
RAB26,RAB33B,21,6.2,78.2
RAB26,RAB40A,21,6.2,78.2
RAB5C,RAB2B,21,6.2,78.2
RAB5C,RAB33A,21,6.2,78.2
RAB27A,RAB6D,21,6.2,78.2
RAB27A,RAB8A,21,6.2,78.2
RAB27A,RAB3B,21,6.2,78.2
RAB38,RAB5A,21,6.2,78.2
RAB10,RAB3B,21,6.2,78.2
RAB38,RAB40A,21,6.2,78.2
RAB38,RAB37,21,6.2,78.2
RAB38,CRACR2A,21,6.2,78.2
RAB38,RAB20,21,6.2,78.2
RAB10,RAB6D,21,6.2,78.2
RAB10,RAB1B,21,6.2,78.2
RAB30,RAB20,21,6.2,78.2
RAB33A,RAB1B,21,6.2,78.2
RAB9A,RAB8A,21,6.2,78.2
RAB9B,RAB8B,21,6.2,78.2
RAB38,RAB22A,21,6.2,78.2
RAB9B,RAB39B,21,6.2,78.2
RAB9A,RAB1A,21,6.2,78.2
RAB30,RAB3C,21,6.2,78.2
RAB30,RAB39B,21,6.2,78.2
RAB30,RAB8B,21,6.2,78.2
RAB30,RAB4B,21,6.2,78.2
RAB30,RAB6D,21,6.2,78.2
RAB30,RAB4A,21,6.2,78.2
RAB30,RAB3B,21,6.2,78.2
RAB30,RAB24,21,6.2,78.2
RAB1A,RAB5A,21,6.2,78.2
RAB30,RAB42,21,6.2,78.2
RAB7A,RAB29,21,6.2,78.2
RAB7A,RAB38,21,6.2,78.2
RAB8B,RAB31,21,6.2,78.2
RAB7A,RAB3C,21,6.2,78.2
RAB8B,RAB37,21,6.2,78.2
RAB7A,RAB40B,21,6.2,78.2
RAB5C,RAB6A,21,6.2,78.2
RAB8A,RAB33B,21,6.2,78.2
RAB8A,RAB1B,21,6.2,78.2
RAB9B,RAB41,21,6.2,78.2
RAB9B,RAB38,21,6.2,78.2
RAB9B,RAB33A,21,6.2,78.2
RAB11A,RAB40B,21,6.2,78.2
RAB11A,RAB22A,21,6.2,78.2
RAB9B,RAB30,21,6.2,78.2
RAB10,RAB30,21,6.2,78.2
RAB1A,RAB28,21,6.2,78.2
RAB1A,RAB6C,21,6.2,78.2
RAB20,RAB15,21,6.2,78.2
RAB10,RAB26,21,6.2,78.2
RAB1A,RAB33B,21,6.2,78.2
RAB14,RAB28,21,6.2,78.2
RAB14,RAB8B,21,6.2,78.2
RAB1A,RAB42,21,6.2,78.2
RAB1A,RAB40C,21,6.2,78.2
RAB11A,RAB3D,21,6.2,78.2
RAB14,RAB43,21,6.2,78.2
RAB14,RAB1B,21,6.2,78.2
RAB14,RAB6A,21,6.2,78.2
RAB20,RAB26,21,6.2,78.2
RAB20,RAB31,21,6.2,78.2
RAB20,RAB40A,21,6.2,78.2
RAB34,RAB17,21,6.2,78.2
RAB34,CRACR2A,21,6.2,78.2
RAB34,RAB4B,21,6.2,78.2
RAB34,RAB4A,21,6.2,78.2
RAB39B,RAB31,21,6.2,78.2
RAB34,RAB33B,21,6.2,78.2
RAB34,RAB43,21,6.2,78.2
RAB34,RAB28,21,6.2,78.2
RAB28,RAB31,21,6.2,78.2
RAB39B,RAB1B,21,6.2,78.2
RAB20,RAB44,21,6.2,78.2
RAB15,RAB13,21,6.2,78.2
RAB32,RAB1B,21,6.2,78.2
RAB32,RAB6A,21,6.2,78.2
RAB32,RAB5A,21,6.2,78.2
RAB14,RAB33A,21,6.2,78.2
RAB32,RAB24,21,6.2,78.2
RAB14,RAB15,21,6.2,78.2
RAB14,RAB3C,21,6.2,78.2
RAB40B,RAB3B,21,6.2,78.2
RAB21,RAB8A,21,6.2,78.2
RAB32,RAB9A,21,6.2,78.2
RAB32,CRACR2A,21,6.2,78.2
RAB32,RAB30,21,6.2,78.2
RAB29,RAB40C,21,6.2,78.2
RAB10,RAB18,21,6.2,78.2
RAB21,RAB26,21,6.2,78.2
RAB21,RAB43,21,6.2,78.2
RAB21,RAB37,21,6.2,78.2
RAB5B,RAB39B,21,6.2,78.2
RAB2A,RAB26,21,6.2,78.2
RAB5B,RAB2B,21,6.2,78.2
RAB5B,RAB30,21,6.2,78.2
RAB2A,RAB1B,21,6.2,78.2
RAB7A,RAB24,21,6.2,78.2
RAB2A,RAB3B,21,6.2,78.2
RAB3C,RAB40C,21,6.2,78.2
RAB3C,RAB8B,21,6.2,78.2
RAB3C,RAB8A,21,6.2,78.2
RAB7A,RAB42,21,6.2,78.2
RAB40B,RAB6C,21,6.2,78.2
RAB40B,RAB6D,21,6.2,78.2
RAB21,RAB6D,21,6.2,78.2
RAB29,RAB3B,21,6.2,78.2
RAB29,RAB5A,21,6.2,78.2
RAB13,RAB44,21,6.2,78.2
RAB13,RAB39B,21,6.2,78.2
RAB13,RAB8A,21,6.2,78.2
RAB13,RAB26,21,6.2,78.2
RAB13,RAB3B,21,6.2,78.2
RAB21,RAB23,21,6.2,78.2
RAB21,RAB9B,21,6.2,78.2
RAB5A,RAB4B,21,6.2,78.2
RAB5A,RAB26,21,6.2,78.2
RAB5A,RAB4A,21,6.2,78.2
RAB2A,RAB4B,21,6.2,78.2
RAB2A,RAB13,21,6.2,78.2
RAB2A,RAB3C,21,6.2,78.2
RAB23,RAB26,21,6.2,78.2
RAB23,RAB37,21,6.2,78.2
RAB2A,RAB28,21,6.2,78.2
RAB35,RAB1B,21,6.2,78.2
RAB29,RAB25,21,6.2,78.2
RAB19,RAB44,21,6.2,78.2
RAB19,RAB24,21,6.2,78.2
RAB3D,RAB23,21,6.2,78.2
RAB3D,RAB29,21,6.2,78.2
RAB3D,RAB22A,21,6.2,78.2
RAB2A,RAB40C,21,6.2,78.2
RAB2A,RAB44,21,6.2,78.2
RAB5B,RAB8A,21,6.2,78.2
RAB5B,RAB43,21,6.2,78.2
RAB23,RAB22A,21,6.2,78.2
RAB2A,RAB38,21,6.2,78.2
RAB2A,CRACR2A,21,6.2,78.2
RAB23,RAB30,21,6.2,78.2
RAB5B,RAB44,21,6.2,78.2
RAB2A,RAB32,21,6.2,78.2
RAB21,RAB30,21,6.2,78.2
RAB21,RAB20,21,6.2,78.2
RAB5A,RAB6C,21,6.2,78.2
RAB5A,RAB6D,21,6.2,78.2
RAB21,RAB19,21,6.2,78.2
RAB27B,RAB4B,21,6.2,78.2
RAB27B,RAB33B,21,6.2,78.2
RAB27B,RAB6A,21,6.2,78.2
RAB27B,RAB40C,21,6.2,78.2
RAB27A,RAB7A,21,6.2,78.2
RAB2B,RAB3C,21,6.2,78.2
RAB37,RAB6D,21,6.2,78.2
RAB2B,RAB4B,21,6.2,78.2
RAB2B,RAB4A,21,6.2,78.2
RAB2B,RAB25,21,6.2,78.2
RAB27A,RAB1A,21,6.2,78.2
RAB24,RAB40A,21,6.2,78.2
RAB33B,RAB40C,21,6.2,78.2
RAB24,RAB40C,21,6.2,78.2
RAB24,RAB44,21,6.2,78.2
RAB33B,RAB43,21,6.2,78.2
RAB40A,RAB39A,21,6.2,78.2
RAB33B,RAB11B,21,6.2,78.2
RAB33B,RAB6C,20,5.2,71.9
RAB33B,RAB42,20,5.2,71.9
RAB27A,RAB40C,20,5.2,71.9
RAB27A,RAB6C,20,5.2,71.9
CRACR2A,RAB26,20,5.2,71.9
RAB3D,RAB5A,20,5.2,71.9
CRACR2A,RAB33B,20,5.2,71.9
RAB3B,RAB11B,20,5.2,71.9
RAB2B,RAB15,20,5.2,71.9
RAB9B,RAB28,20,5.2,71.9
RAB9B,RAB39A,20,5.2,71.9
RAB30,RAB6C,20,5.2,71.9
RAB8A,RAB24,20,5.2,71.9
RAB9A,RAB43,20,5.2,71.9
RAB9A,RAB39A,20,5.2,71.9
RAB9A,RAB39B,20,5.2,71.9
RAB5C,RAB1B,20,5.2,71.9
RAB5C,RAB6B,20,5.2,71.9
RAB5C,RAB8B,20,5.2,71.9
RAB11A,RAB1A,20,5.2,71.9
RAB1A,RAB13,20,5.2,71.9
RAB1A,RAB3C,20,5.2,71.9
RAB30,RAB39A,20,5.2,71.9
RAB8B,RAB1B,20,5.2,71.9
RAB8B,RAB6A,20,5.2,71.9
RAB34,RAB23,20,5.2,71.9
RAB35,RAB28,20,5.2,71.9
RAB35,RAB43,20,5.2,71.9
RAB35,RAB39A,20,5.2,71.9
RAB29,RAB14,20,5.2,71.9
RAB29,RAB9A,20,5.2,71.9
RAB29,RAB30,20,5.2,71.9
RAB35,RAB20,20,5.2,71.9
RAB35,RAB15,20,5.2,71.9
RAB35,RAB24,20,5.2,71.9
RAB35,RAB38,20,5.2,71.9
RAB2A,RAB35,20,5.2,71.9
RAB2A,RAB9A,20,5.2,71.9
RAB2A,RAB2B,20,5.2,71.9
RAB35,RAB17,20,5.2,71.9
RAB27B,RAB9A,20,5.2,71.9
RAB27B,RAB11B,20,5.2,71.9
RAB23,RAB14,20,5.2,71.9
RAB18,RAB15,20,5.2,71.9
RAB17,RAB8B,20,5.2,71.9
RAB18,RAB39A,20,5.2,71.9
RAB17,RAB33A,20,5.2,71.9
RAB18,RAB24,20,5.2,71.9
RAB5B,RAB29,20,5.2,71.9
RAB5B,RAB32,20,5.2,71.9
RAB5B,RAB38,20,5.2,71.9
RAB17,RAB19,20,5.2,71.9
RAB22A,RAB4B,20,5.2,71.9
RAB22A,RAB26,20,5.2,71.9
RAB22A,RAB3B,20,5.2,71.9
RAB5B,RAB20,20,5.2,71.9
RAB5B,RAB15,20,5.2,71.9
RAB5B,RAB23,20,5.2,71.9
RAB2A,RAB42,20,5.2,71.9
RAB2A,RAB6C,20,5.2,71.9
RAB41,RAB31,20,5.2,71.9
RAB5B,RAB17,20,5.2,71.9
RAB5B,RAB39A,20,5.2,71.9
RAB5B,RAB8B,20,5.2,71.9
RAB14,RAB8A,20,5.2,71.9
RAB20,RAB5A,20,5.2,71.9
RAB7A,RAB11A,20,5.2,71.9
RAB11A,CRACR2A,20,5.2,71.9
RAB1A,RAB6A,20,5.2,71.9
RAB10,RAB9A,20,5.2,71.9
RAB10,RAB39B,20,5.2,71.9
RAB30,RAB5A,20,5.2,71.9
RAB1A,RAB4B,20,5.2,71.9
RAB10,RAB9B,20,5.2,71.9
RAB9B,RAB5A,20,5.2,71.9
RAB9B,RAB19,20,5.2,71.9
RAB1A,RAB1B,20,5.2,71.9
RAB18,RAB32,20,5.2,71.9
RAB18,RAB14,20,5.2,71.9
RAB9A,RAB13,20,5.2,71.9
RAB33A,RAB44,20,5.2,71.9
RAB30,RAB1A,20,5.2,71.9
RAB30,RAB15,20,5.2,71.9
RAB21,RAB9A,20,5.2,71.9
RAB13,RAB6D,20,5.2,71.9
RAB23,RAB44,20,5.2,71.9
RAB2A,RAB20,20,5.2,71.9
RAB40B,RAB33B,20,5.2,71.9
RAB29,RAB24,20,5.2,71.9
RAB29,RAB1B,20,5.2,71.9
RAB29,RAB6A,20,5.2,71.9
RAB29,RAB28,20,5.2,71.9
RAB29,RAB4B,20,5.2,71.9
RAB21,RAB29,20,5.2,71.9
RAB18,RAB26,20,5.2,71.9
RAB29,RAB13,20,5.2,71.9
RAB29,RAB3C,20,5.2,71.9
RAB10,RAB5C,20,5.2,71.9
RAB18,RAB5A,20,5.2,71.9
RAB18,RAB41,20,5.2,71.9
RAB18,RAB3C,20,5.2,71.9
RAB10,RAB6C,20,5.2,71.9
RAB18,RAB36,20,5.2,71.9
RAB38,RAB40C,20,5.2,71.9
RAB36,RAB20,20,5.2,71.9
RAB36,RAB13,20,5.2,71.9
RAB30,RAB19,20,5.2,71.9
RAB33A,RAB6A,20,5.2,71.9
RAB15,RAB24,20,5.2,71.9
RAB28,RAB8B,20,5.2,71.9
RAB33A,RAB37,20,5.2,71.9
RAB34,RAB24,20,5.2,71.9
RAB34,RAB39A,20,5.2,71.9
RAB34,RAB8A,20,5.2,71.9
RAB34,RAB26,20,5.2,71.9
RAB15,RAB31,20,5.2,71.9
RAB20,RAB43,20,5.2,71.9
RAB34,RAB3C,20,5.2,71.9
RAB34,RAB38,20,5.2,71.9
RAB6B,RAB6A,20,5.2,71.9
RAB7A,RAB26,20,5.2,71.9
RAB32,RAB37,20,5.2,71.9
RAB32,RAB40B,20,5.2,71.9
RAB14,RAB39B,20,5.2,71.9
RAB2A,RAB6A,20,5.2,71.9
RAB40B,RAB43,20,5.2,71.9
RAB21,RAB44,20,5.2,71.9
RAB3C,RAB44,20,5.2,71.9
RAB3C,RAB31,20,5.2,71.9
RAB7A,RAB11B,20,5.2,71.9
RAB5B,RAB33A,20,5.2,71.9
RAB5B,RAB1A,20,5.2,71.9
RAB7A,RAB33B,20,5.2,71.9
RAB7A,RAB40A,20,5.2,71.9
RAB2A,RAB31,20,5.2,71.9
RAB32,RAB20,20,5.2,71.9
RAB29,RAB42,20,5.2,71.9
RAB27A,RAB31,20,5.2,71.9
RAB27A,RAB37,20,5.2,71.9
RAB15,RAB3C,20,5.2,71.9
RAB5C,RAB13,20,5.2,71.9
RAB5C,RAB30,20,5.2,71.9
RAB26,RAB31,20,5.2,71.9
RAB33A,RAB28,20,5.2,71.9
RAB22A,RAB25,20,5.2,71.9
RAB36,RAB31,20,5.2,71.9
RAB36,RAB37,20,5.2,71.9
RAB25,RAB44,20,5.2,71.9
RAB14,RAB9B,20,5.2,71.9
RAB32,RAB31,20,5.2,71.9
RAB40B,RAB26,20,5.2,71.9
RAB17,RAB6A,20,5.2,71.9
RAB2B,RAB6A,20,5.2,71.9
RAB2B,RAB39B,20,5.2,71.9
RAB2B,RAB30,20,5.2,71.9
RAB2B,RAB39A,20,5.2,71.9
RAB2B,RAB37,20,5.2,71.9
CRACR2A,RAB4B,20,5.2,71.9
RAB39A,RAB44,20,5.2,71.9
RAB27B,RAB30,20,5.2,71.9
RAB27B,RAB5B,20,5.2,71.9
RAB18,RAB44,20,5.2,71.9
RAB30,RAB37,20,5.2,71.9
RAB30,RAB1B,20,5.2,71.9
RAB30,RAB8A,20,5.2,71.9
RAB27B,RAB11A,20,5.2,71.9
RAB5A,RAB40C,20,5.2,71.9
RAB19,RAB39B,20,5.2,71.9
RAB27B,RAB24,20,5.2,71.9
RAB27B,RAB1B,20,5.2,71.9
RAB19,RAB28,20,5.2,71.9
RAB21,RAB33A,20,5.2,71.9
RAB21,RAB1A,20,5.2,71.9
RAB19,RAB31,20,5.2,71.9
RAB5A,RAB42,20,5.2,71.9
RAB27A,RAB9A,20,5.2,71.9
RAB27A,RAB2B,20,5.2,71.9
RAB5A,RAB1B,20,5.2,71.9
RAB5A,RAB6A,20,5.2,71.9
RAB31,RAB24,20,5.2,71.9
RAB4A,RAB33B,20,5.2,71.9
RAB27A,RAB42,20,5.2,71.9
RAB27A,RAB3D,20,5.2,71.9
RAB3B,RAB6A,19,4.2,65.6
RAB7A,RAB10,19,4.2,65.6
RAB2B,RAB41,19,4.2,65.6
RAB31,RAB42,19,4.2,65.6
RAB31,RAB44,19,4.2,65.6
RAB3B,RAB33B,19,4.2,65.6
RAB3B,RAB1B,19,4.2,65.6
RAB27A,RAB30,19,4.2,65.6
RAB2B,RAB1B,19,4.2,65.6
CRACR2A,RAB3C,19,4.2,65.6
RAB35,RAB4B,19,4.2,65.6
RAB35,RAB26,19,4.2,65.6
RAB21,RAB39B,19,4.2,65.6
RAB27B,RAB31,19,4.2,65.6
RAB27B,RAB40A,19,4.2,65.6
RAB30,RAB44,19,4.2,65.6
RAB30,RAB40A,19,4.2,65.6
RAB30,RAB6A,19,4.2,65.6
RAB1B,RAB44,19,4.2,65.6
RAB27B,RAB14,19,4.2,65.6
RAB11B,RAB40C,19,4.2,65.6
RAB11B,RAB6C,19,4.2,65.6
RAB1B,RAB42,19,4.2,65.6
RAB2B,RAB31,19,4.2,65.6
RAB27B,RAB35,19,4.2,65.6
RAB17,RAB31,19,4.2,65.6
RAB17,RAB33B,19,4.2,65.6
RAB17,RAB1B,19,4.2,65.6
RAB36,RAB2B,19,4.2,65.6
RAB2B,RAB6B,19,4.2,65.6
RAB2B,RAB28,19,4.2,65.6
CRACR2A,RAB28,19,4.2,65.6
RAB14,RAB9A,19,4.2,65.6
RAB14,RAB38,19,4.2,65.6
RAB21,RAB8B,19,4.2,65.6
RAB15,RAB37,19,4.2,65.6
RAB15,RAB1B,19,4.2,65.6
RAB11A,RAB40C,19,4.2,65.6
RAB11A,RAB3B,19,4.2,65.6
RAB40B,RAB8A,19,4.2,65.6
RAB22A,RAB28,19,4.2,65.6
RAB5C,RAB5A,19,4.2,65.6
RAB26,RAB6A,19,4.2,65.6
RAB8A,RAB44,19,4.2,65.6
RAB27A,RAB44,19,4.2,65.6
RAB27A,RAB40A,19,4.2,65.6
RAB27A,RAB1B,19,4.2,65.6
RAB3C,RAB1B,19,4.2,65.6
RAB3C,RAB6A,19,4.2,65.6
RAB15,RAB28,19,4.2,65.6
RAB5A,RAB37,19,4.2,65.6
RAB10,RAB3D,19,4.2,65.6
RAB21,RAB6C,19,4.2,65.6
RAB32,RAB9B,19,4.2,65.6
RAB2A,RAB5C,19,4.2,65.6
RAB2A,RAB34,19,4.2,65.6
RAB5B,RAB19,19,4.2,65.6
RAB5B,RAB28,19,4.2,65.6
RAB5B,RAB25,19,4.2,65.6
RAB2A,RAB40A,19,4.2,65.6
RAB21,RAB3D,19,4.2,65.6
RAB32,RAB33B,19,4.2,65.6
RAB15,RAB4B,19,4.2,65.6
RAB14,RAB1A,19,4.2,65.6
RAB14,RAB19,19,4.2,65.6
RAB34,RAB22A,19,4.2,65.6
RAB34,RAB1A,19,4.2,65.6
RAB6B,RAB44,19,4.2,65.6
RAB6B,RAB1B,19,4.2,65.6
RAB28,RAB6A,19,4.2,65.6
RAB28,RAB44,19,4.2,65.6
RAB39B,RAB6A,19,4.2,65.6
RASEF,RAB8A,19,4.2,65.6
RAB28,RAB1B,19,4.2,65.6
RAB38,RAB8B,19,4.2,65.6
RAB38,RAB33B,19,4.2,65.6
RAB33A,RAB24,19,4.2,65.6
RAB18,RAB2A,19,4.2,65.6
RAB18,RAB43,19,4.2,65.6
RAB18,RAB17,19,4.2,65.6
RAB36,RAB1B,19,4.2,65.6
RAB25,RAB15,19,4.2,65.6
RAB25,RAB40B,19,4.2,65.6
RAB25,RAB19,19,4.2,65.6
RAB18,RAB3B,19,4.2,65.6
RAB40B,RAB42,19,4.2,65.6
RAB13,RAB41,19,4.2,65.6
RAB21,RAB5C,19,4.2,65.6
RAB13,RAB6C,19,4.2,65.6
RAB11A,RAB8A,19,4.2,65.6
RAB23,RAB1B,19,4.2,65.6
RAB2A,RAB30,19,4.2,65.6
RAB18,RAB23,19,4.2,65.6
RAB9A,RAB5A,19,4.2,65.6
RAB1A,RASEF,19,4.2,65.6
RAB9B,RAB20,19,4.2,65.6
RAB10,RAB22A,19,4.2,65.6
RAB10,CRACR2A,19,4.2,65.6
RAB11A,RAB3A,19,4.2,65.6
RAB14,RAB37,19,4.2,65.6
RAB14,RAB42,19,4.2,65.6
RAB14,RAB26,19,4.2,65.6
RAB1A,RAB24,19,4.2,65.6
RAB20,RAB6C,19,4.2,65.6
RAB14,RAB6D,19,4.2,65.6
RAB23,RAB31,19,4.2,65.6
RAB19,RAB42,19,4.2,65.6
RAB5B,RAB26,19,4.2,65.6
RAB5B,RAB4A,19,4.2,65.6
RAB5B,RAB24,19,4.2,65.6
RAB23,RAB9A,19,4.2,65.6
RAB23,RAB2B,19,4.2,65.6
RAB22A,RAB42,19,4.2,65.6
RAB18,RAB37,19,4.2,65.6
RAB18,RAB42,19,4.2,65.6
RAB17,RAB15,19,4.2,65.6
RAB19,RAB4B,19,4.2,65.6
RAB37,RAB40C,19,4.2,65.6
RAB37,RAB6C,19,4.2,65.6
RAB43,RAB6A,19,4.2,65.6
RAB23,RAB15,19,4.2,65.6
RAB35,RAB23,19,4.2,65.6
RAB35,RAB29,19,4.2,65.6
RAB35,RAB32,19,4.2,65.6
RAB35,RAB2B,19,4.2,65.6
RAB35,RAB25,19,4.2,65.6
RAB35,RAB33A,19,4.2,65.6
RAB35,RAB1A,19,4.2,65.6
RAB35,RAB4A,19,4.2,65.6
RAB35,RAB3C,19,4.2,65.6
RAB35,RAB8B,19,4.2,65.6
RAB8B,RAB44,19,4.2,65.6
RAB8B,RAB24,19,4.2,65.6
RAB34,RAB29,19,4.2,65.6
RAB5C,RAB44,19,4.2,65.6
RAB8B,RAB39A,19,4.2,65.6
RAB9B,RAB2B,19,4.2,65.6
RAB8A,RAB31,19,4.2,65.6
RAB8A,RAB40A,19,4.2,65.6
RAB9A,RAB3B,19,4.2,65.6
RAB9A,RAB6B,19,4.2,65.6
RAB9A,RAB8B,19,4.2,65.6
RAB9B,RAB43,19,4.2,65.6
RAB9B,RAB3C,19,4.2,65.6
RAB9A,RAB33A,19,4.2,65.6
RAB9A,RAB30,19,4.2,65.6
RAB3D,RAB20,19,4.2,65.6
CRACR2A,RAB40A,19,4.2,65.6
RAB37,RAB44,19,4.2,65.6
RAB43,RAB37,19,4.2,65.6
CRACR2A,RAB24,19,4.2,65.6
RAB6A,RAB42,19,4.2,65.6
RAB33B,RAB6D,19,4.2,65.6
RAB27A,RAB6A,19,4.2,65.6
RAB27A,CRACR2A,19,4.2,65.6
RAB27A,RAB18,19,4.2,65.6
RAB4A,RAB6A,19,4.2,65.6
RAB31,RAB3B,19,4.2,65.6
RAB27A,RAB34,19,4.2,65.6
RAB27A,RAB22A,19,4.2,65.6
RAB21,RAB15,19,4.2,65.6
RAB35,RAB8A,19,4.2,65.6
RAB6A,RAB6D,18,3.2,59.4
RAB27B,RAB37,18,3.2,59.4
RAB19,RAB39A,18,3.2,59.4
RAB19,RAB26,18,3.2,59.4
RAB19,RAB4A,18,3.2,59.4
RAB19,RAB3B,18,3.2,59.4
RAB22A,RAB24,18,3.2,59.4
RAB22A,RAB40A,18,3.2,59.4
CRACR2A,RAB6A,18,3.2,59.4
RAB2B,RAB5A,18,3.2,59.4
CRACR2A,RASEF,18,3.2,59.4
RAB36,RAB14,18,3.2,59.4
RAB18,RAB6D,18,3.2,59.4
RAB2B,RAB42,18,3.2,59.4
RAB2B,RAB6D,18,3.2,59.4
RAB6C,RAB44,18,3.2,59.4
RAB6D,RAB44,18,3.2,59.4
RAB11B,RAB6D,18,3.2,59.4
RAB42,RAB44,18,3.2,59.4
RAB1B,RAB6D,18,3.2,59.4
RAB11B,RAB42,18,3.2,59.4
RAB27B,RAB20,18,3.2,59.4
RAB30,RAB40C,18,3.2,59.4
RAB9A,RAB22A,18,3.2,59.4
RAB9A,RAB17,18,3.2,59.4
RAB9A,RAB2B,18,3.2,59.4
RAB9B,RAB42,18,3.2,59.4
RAB9B,RAB26,18,3.2,59.4
RAB9B,RAB3B,18,3.2,59.4
RAB9B,RAB24,18,3.2,59.4
RAB9B,RAB6B,18,3.2,59.4
RAB9A,RAB42,18,3.2,59.4
RAB9A,RAB6D,18,3.2,59.4
RAB9A,RAB28,18,3.2,59.4
RAB9A,RAB26,18,3.2,59.4
RAB9B,RAB17,18,3.2,59.4
RAB8A,RAB37,18,3.2,59.4
RAB8A,RAB11B,18,3.2,59.4
RAB8B,RAB42,18,3.2,59.4
RAB7A,RAB20,18,3.2,59.4
RAB7A,RAB13,18,3.2,59.4
RAB7A,RAB14,18,3.2,59.4
RAB8B,RAB4A,18,3.2,59.4
RAB8B,RAB4B,18,3.2,59.4
RAB11A,RAB25,18,3.2,59.4
RAB1A,RAB40B,18,3.2,59.4
RAB20,RAB41,18,3.2,59.4
RAB20,RAB39B,18,3.2,59.4
RAB20,RAB8A,18,3.2,59.4
RAB11A,RAB29,18,3.2,59.4
RAB11A,RAB32,18,3.2,59.4
RAB14,RAB3B,18,3.2,59.4
RAB1A,RAB11B,18,3.2,59.4
RAB1A,RAB40A,18,3.2,59.4
RAB10,RAB41,18,3.2,59.4
RAB1A,RAB31,18,3.2,59.4
RAB9B,RAB15,18,3.2,59.4
RAB9A,RAB41,18,3.2,59.4
RAB9A,RAB3C,18,3.2,59.4
RAB33A,RAB39A,18,3.2,59.4
RAB33A,RAB42,18,3.2,59.4
RAB10,RAB40C,18,3.2,59.4
RAB36,RAB3C,18,3.2,59.4
RAB36,RAB30,18,3.2,59.4
RAB38,RAB33A,18,3.2,59.4
RAB38,RAB40B,18,3.2,59.4
RAB38,RAB19,18,3.2,59.4
RAB10,RAB40A,18,3.2,59.4
RAB15,RAB4A,18,3.2,59.4
RAB15,RAB5A,18,3.2,59.4
RAB28,RAB33B,18,3.2,59.4
RAB34,RAB37,18,3.2,59.4
RAB34,RAB5A,18,3.2,59.4
RAB20,RAB1B,18,3.2,59.4
RAB20,RAB6A,18,3.2,59.4
RAB20,RAB40C,18,3.2,59.4
RAB27A,RAB26,18,3.2,59.4
RAB5C,RAB15,18,3.2,59.4
RAB5C,RAB41,18,3.2,59.4
RAB4B,RAB31,18,3.2,59.4
RAB4B,RAB33B,18,3.2,59.4
RAB33A,RAB4B,18,3.2,59.4
RAB33A,RAB4A,18,3.2,59.4
RAB33A,RAB6B,18,3.2,59.4
RAB25,RAB8B,18,3.2,59.4
RAB25,RAB31,18,3.2,59.4
RAB25,RAB33B,18,3.2,59.4
RAB25,RAB11B,18,3.2,59.4
RAB22A,RAB5A,18,3.2,59.4
RAB22A,RAB3C,18,3.2,59.4
RAB22A,RAB40B,18,3.2,59.4
RAB32,RAB14,18,3.2,59.4
RAB11A,RAB42,18,3.2,59.4
RAB11A,RAB6C,18,3.2,59.4
RAB11A,RAB6D,18,3.2,59.4
RAB11A,RAB43,18,3.2,59.4
RAB40B,RAB4B,18,3.2,59.4
RAB40B,RAB4A,18,3.2,59.4
RAB40B,RAB28,18,3.2,59.4
RAB15,RAB43,18,3.2,59.4
RAB14,RAB30,18,3.2,59.4
RAB32,RAB11B,18,3.2,59.4
RAB32,RAB44,18,3.2,59.4
RAB32,RAB8B,18,3.2,59.4
RAB15,RAB26,18,3.2,59.4
RAB21,RAB36,18,3.2,59.4
RAB7A,RAB37,18,3.2,59.4
RAB2A,RAB33B,18,3.2,59.4
RAB2A,RAB37,18,3.2,59.4
RAB5B,RAB3C,18,3.2,59.4
RAB5B,RAB6B,18,3.2,59.4
RAB10,RAB36,18,3.2,59.4
RAB29,RAB44,18,3.2,59.4
RAB23,RAB6A,18,3.2,59.4
RAB23,RAB11B,18,3.2,59.4
RAB23,RAB8B,18,3.2,59.4
RAB13,RAB40A,18,3.2,59.4
RAB11A,RAB4A,18,3.2,59.4
RAB29,RAB40A,18,3.2,59.4
RAB29,RASEF,18,3.2,59.4
RAB29,RAB31,18,3.2,59.4
RAB29,RAB20,18,3.2,59.4
RAB29,RAB40B,18,3.2,59.4
RAB25,RAB33A,18,3.2,59.4
RAB18,RAB4A,18,3.2,59.4
RAB18,RAB4B,18,3.2,59.4
RAB18,RAB25,18,3.2,59.4
RAB17,RAB40B,18,3.2,59.4
RAB22A,RAB6A,18,3.2,59.4
RAB22A,RAB11B,18,3.2,59.4
RAB22A,RAB44,18,3.2,59.4
RAB5B,RAB4B,18,3.2,59.4
RAB5B,RAB3B,18,3.2,59.4
RAB3D,RAB14,18,3.2,59.4
RAB41,RAB1B,18,3.2,59.4
RAB41,RAB6A,18,3.2,59.4
RAB19,RAB1B,18,3.2,59.4
RAB19,RAB6A,18,3.2,59.4
RAB35,RAB42,18,3.2,59.4
RAB35,RAB3B,18,3.2,59.4
RAB35,RAB19,18,3.2,59.4
RAB35,RAB41,18,3.2,59.4
RAB5B,RAB6D,18,3.2,59.4
RAB2A,RAB9B,18,3.2,59.4
RAB23,RAB33A,18,3.2,59.4
RAB23,RAB40B,18,3.2,59.4
RAB23,RAB19,18,3.2,59.4
RAB35,RAB6D,18,3.2,59.4
RAB35,RAB44,18,3.2,59.4
RAB23,RAB9B,18,3.2,59.4
RAB27B,RAB44,18,3.2,59.4
RAB43,RAB11B,18,3.2,59.4
RAB43,RAB44,18,3.2,59.4
RAB27A,RAB9B,18,3.2,59.4
RAB31,RAB37,18,3.2,59.4
RAB3D,RAB37,18,3.2,59.4
RAB4A,RAB1B,18,3.2,59.4
RAB7A,RAB21,18,3.2,59.4
RAB26,RAB44,18,3.2,59.4
RAB4A,RAB31,18,3.2,59.4
RAB40A,RAB11B,18,3.2,59.4
RAB33B,RAB39A,18,3.2,59.4
RAB24,RAB1B,18,3.2,59.4
RAB24,RAB6A,18,3.2,59.4
RAB3D,RAB30,18,3.2,59.4
RAB3D,RAB13,18,3.2,59.4
RAB3A,RAB40B,18,3.2,59.4
RAB3A,RAB34,18,3.2,59.4
RAB31,RAB6D,18,3.2,59.4
RAB24,RAB33B,17,2.2,53.5
RAB33B,RAB40A,17,2.2,53.5
RAB2B,RAB43,17,2.2,53.5
RAB40A,RAB44,17,2.2,53.5
RAB27A,RAB15,17,2.2,53.5
RAB3D,RAB44,17,2.2,53.5
RAB27A,RAB5C,17,2.2,53.5
RAB14,RAB22A,17,2.2,53.5
RAB14,CRACR2A,17,2.2,53.5
RAB14,RAB41,17,2.2,53.5
RAB3B,RAB44,17,2.2,53.5
CRACR2A,RAB13,17,2.2,53.5
RAB17,RAB11B,17,2.2,53.5
RAB36,RAB35,17,2.2,53.5
RAB15,RAB44,17,2.2,53.5
RAB40B,RAB3C,17,2.2,53.5
RAB15,RAB40A,17,2.2,53.5
RAB15,RAB6A,17,2.2,53.5
RAB15,RAB39A,17,2.2,53.5
RAB15,RAB42,17,2.2,53.5
RAB36,RAB5C,17,2.2,53.5
RAB36,RAB5B,17,2.2,53.5
RAB3D,RAB1B,17,2.2,53.5
RAB26,RAB11B,17,2.2,53.5
RAB4A,RAB11B,17,2.2,53.5
RAB5C,RAB1A,17,2.2,53.5
RAB5C,RAB19,17,2.2,53.5
RAB5C,RAB29,17,2.2,53.5
RAB32,RAB19,17,2.2,53.5
RAB11A,RAB23,17,2.2,53.5
RAB11A,RAB2A,17,2.2,53.5
RAB14,RAB40C,17,2.2,53.5
RAB14,RAB6C,17,2.2,53.5
RAB11A,RAB40A,17,2.2,53.5
RAB27A,RAB19,17,2.2,53.5
RAB27A,RAB8B,17,2.2,53.5
RAB4B,RAB6A,17,2.2,53.5
RAB4B,RAB11B,17,2.2,53.5
RAB36,RAB6A,17,2.2,53.5
RAB32,RAB33A,17,2.2,53.5
RAB21,RAB40A,17,2.2,53.5
RAB21,RAB40C,17,2.2,53.5
RAB29,RAB11B,17,2.2,53.5
RAB15,RAB3B,17,2.2,53.5
RAB18,RAB6B,17,2.2,53.5
RAB18,RAB8A,17,2.2,53.5
CRACR2A,RAB37,17,2.2,53.5
CRACR2A,RAB1B,17,2.2,53.5
CRACR2A,RAB44,17,2.2,53.5
RAB22A,RAB1B,17,2.2,53.5
RAB5C,RAB43,17,2.2,53.5
RAB5C,RAB8A,17,2.2,53.5
RAB7A,RAB5B,17,2.2,53.5
RAB1A,RAB20,17,2.2,53.5
RAB40B,RAB39A,17,2.2,53.5
RAB10,RAB34,17,2.2,53.5
RAB40B,RAB24,17,2.2,53.5
RAB32,RAB2B,17,2.2,53.5
RAB7A,RAB30,17,2.2,53.5
RAB8B,RAB26,17,2.2,53.5
RAB8B,RAB3B,17,2.2,53.5
RASEF,RAB40C,17,2.2,53.5
RAB1A,RAB37,17,2.2,53.5
RAB1A,RAB44,17,2.2,53.5
RAB11A,RAB38,17,2.2,53.5
RAB11A,RAB17,17,2.2,53.5
RAB30,RAB33B,17,2.2,53.5
RASEF,RAB33B,17,2.2,53.5
RAB33A,RAB26,17,2.2,53.5
RAB33A,RAB3B,17,2.2,53.5
RAB33A,RAB43,17,2.2,53.5
RAB11A,RASEF,17,2.2,53.5
RAB11A,RAB4B,17,2.2,53.5
RAB11A,RAB26,17,2.2,53.5
RAB13,RAB40C,17,2.2,53.5
RAB29,RAB37,17,2.2,53.5
RAB25,RAB6A,17,2.2,53.5
RAB22A,RAB13,17,2.2,53.5
RAB38,RAB44,17,2.2,53.5
RAB29,RAB2B,17,2.2,53.5
RAB5A,RAB40A,17,2.2,53.5
RAB21,RAB34,17,2.2,53.5
RAB2A,RAB15,17,2.2,53.5
RAB2A,RAB40B,17,2.2,53.5
RAB2A,RAB19,17,2.2,53.5
RAB22A,RAB30,17,2.2,53.5
RAB39B,RAB26,17,2.2,53.5
RAB39B,RAB24,17,2.2,53.5
RAB39B,RAB28,17,2.2,53.5
RAB34,RAB30,17,2.2,53.5
RAB34,RAB20,17,2.2,53.5
RAB6B,RAB31,17,2.2,53.5
RAB6B,RAB39B,17,2.2,53.5
RAB6B,RAB8B,17,2.2,53.5
RAB3C,RAB39B,17,2.2,53.5
RAB3C,RAB33B,17,2.2,53.5
RAB35,RAB37,17,2.2,53.5
RAB35,RAB6C,17,2.2,53.5
RAB23,RAB33B,17,2.2,53.5
RAB7A,RASEF,17,2.2,53.5
RAB5B,RAB42,17,2.2,53.5
RAB9B,RAB8A,17,2.2,53.5
RAB9A,RAB19,17,2.2,53.5
RAB9A,RAB4A,17,2.2,53.5
RAB9A,RAB24,17,2.2,53.5
RAB21,RAB22A,17,2.2,53.5
RAB21,CRACR2A,17,2.2,53.5
RAB21,RAB41,17,2.2,53.5
RAB5B,RAB6C,17,2.2,53.5
RAB5B,RAB22A,17,2.2,53.5
RAB5B,CRACR2A,17,2.2,53.5
RAB3D,RAB5B,17,2.2,53.5
RAB3D,RAB9A,17,2.2,53.5
RAB9A,RAB20,17,2.2,53.5
RAB36,RAB28,17,2.2,53.5
RAB38,RAB2B,17,2.2,53.5
RAB38,RAB15,17,2.2,53.5
RAB9A,CRACR2A,17,2.2,53.5
RAB30,RAB41,17,2.2,53.5
RAB9B,RAB4A,17,2.2,53.5
RAB9B,RAB37,17,2.2,53.5
RAB9A,RAB44,17,2.2,53.5
RAB38,RAB11B,17,2.2,53.5
RAB41,RAB37,17,2.2,53.5
RAB3D,RAB3A,17,2.2,53.5
RAB19,RAB6D,17,2.2,53.5
RAB41,RAB3C,17,2.2,53.5
RAB41,RAB6B,17,2.2,53.5
RAB5A,RAB44,17,2.2,53.5
RAB19,RAB40A,17,2.2,53.5
RAB9B,RAB6D,17,2.2,53.5
RAB9B,RAB44,17,2.2,53.5
RAB2B,RAB8A,17,2.2,53.5
RAB2B,RAB3B,17,2.2,53.5
RAB27B,RASEF,17,2.2,53.5
RAB40C,RAB44,17,2.2,53.5
RAB3D,RAB6A,17,2.2,53.5
RAB27B,RAB18,17,2.2,53.5
RAB1B,RAB6C,17,2.2,53.5
RAB6A,RAB6C,17,2.2,53.5
RAB27B,RAB9B,17,2.2,53.5
RAB37,RAB6A,16,1.2,48.1
RAB27B,RAB2B,16,1.2,48.1
RAB1B,RAB40C,16,1.2,48.1
CRACR2A,RAB20,16,1.2,48.1
RAB36,RAB9A,16,1.2,48.1
RAB36,RAB38,16,1.2,48.1
RAB15,RAB6C,16,1.2,48.1
RAB32,RASEF,16,1.2,48.1
RAB32,RAB7B,16,1.2,48.1
RAB14,RAB6B,16,1.2,48.1
RAB27A,RAB40B,16,1.2,48.1
RAB41,RAB24,16,1.2,48.1
RAB19,RAB43,16,1.2,48.1
RAB9A,RAB25,16,1.2,48.1
RAB9B,RAB4B,16,1.2,48.1
RAB9A,RAB6C,16,1.2,48.1
RAB9A,RAB15,16,1.2,48.1
RAB18,RAB29,16,1.2,48.1
RAB36,RAB26,16,1.2,48.1
RAB38,RAB39B,16,1.2,48.1
RAB3D,RAB35,16,1.2,48.1
RAB5B,RAB37,16,1.2,48.1
RAB33A,RAB6D,16,1.2,48.1
RAB2A,RAB33A,16,1.2,48.1
RAB7A,RAB31,16,1.2,48.1
RAB7A,RAB1B,16,1.2,48.1
RAB7A,RAB6A,16,1.2,48.1
RAB5B,RAB41,16,1.2,48.1
RAB2A,RAB11B,16,1.2,48.1
RAB5B,RAB40C,16,1.2,48.1
RAB35,RAB22A,16,1.2,48.1
RAB35,RAB6B,16,1.2,48.1
RAB29,RAB33A,16,1.2,48.1
RAB2A,RAB8B,16,1.2,48.1
RAB29,RAB9B,16,1.2,48.1
RAB34,RAB13,16,1.2,48.1
RAB3C,RAB11B,16,1.2,48.1
RAB7A,RAB44,16,1.2,48.1
RAB39B,RAB43,16,1.2,48.1
RAB39B,RAB37,16,1.2,48.1
RAB5A,RAB19,16,1.2,48.1
RAB5A,RAB39B,16,1.2,48.1
RAB25,RAB1B,16,1.2,48.1
RAB33A,RAB5A,16,1.2,48.1
RAB22A,RAB20,16,1.2,48.1
RAB36,RAB42,16,1.2,48.1
RAB38,RAB7B,16,1.2,48.1
RAB5A,RAB8B,16,1.2,48.1
RAB11A,RAB3C,16,1.2,48.1
RAB11A,RAB28,16,1.2,48.1
RAB39B,RAB44,16,1.2,48.1
RAB28,RAB11B,16,1.2,48.1
RAB33A,RAB8A,16,1.2,48.1
RAB10,RAB33B,16,1.2,48.1
RAB10,RAB6B,16,1.2,48.1
RAB9B,RAB25,16,1.2,48.1
RAB9B,RAB1A,16,1.2,48.1
RAB7A,RAB9A,16,1.2,48.1
RAB8B,RAB8A,16,1.2,48.1
RASEF,RAB6C,16,1.2,48.1
RASEF,RAB4A,16,1.2,48.1
RAB29,RAB15,16,1.2,48.1
RAB29,RAB6B,16,1.2,48.1
RAB40B,RAB37,16,1.2,48.1
RAB8B,RAB6D,16,1.2,48.1
RAB8B,RAB40A,16,1.2,48.1
RAB8B,RAB43,16,1.2,48.1
RAB7A,RAB35,16,1.2,48.1
RAB18,RAB40A,16,1.2,48.1
RAB17,RAB39B,16,1.2,48.1
RAB18,RAB1A,16,1.2,48.1
RAB32,RAB15,16,1.2,48.1
RAB11A,RAB39A,16,1.2,48.1
RAB15,RAB8A,16,1.2,48.1
RAB4B,RAB1B,16,1.2,48.1
RAB36,RAB24,16,1.2,48.1
RAB36,RAB39A,16,1.2,48.1
RAB40B,RASEF,16,1.2,48.1
RAB11A,RAB24,16,1.2,48.1
RAB5C,RAB20,16,1.2,48.1
RAB27A,RAB33B,16,1.2,48.1
RAB27A,RAB11B,16,1.2,48.1
RAB5C,RAB23,16,1.2,48.1
RAB5C,RAB17,16,1.2,48.1
RAB36,RAB17,16,1.2,48.1
RAB18,RAB7B,16,1.2,48.1
RAB3D,RAB31,16,1.2,48.1
RAB15,RAB6D,16,1.2,48.1
RAB40B,RAB5A,16,1.2,48.1
RAB27A,RAB33A,16,1.2,48.1
CRACR2A,RAB30,16,1.2,48.1
RAB31,RAB6C,16,1.2,48.1
RAB3A,RAB33B,16,1.2,48.1
RAB27A,RAB11A,16,1.2,48.1
RAB24,RAB11B,16,1.2,48.1
RAB3D,RAB2B,16,1.2,48.1
RAB2B,RAB6C,16,1.2,48.1
RAB18,RAB6C,16,1.2,48.1
RAB27B,RAB5C,16,1.2,48.1
RAB39A,RAB11B,16,1.2,48.1
RAB2B,RAB1A,16,1.2,48.1
RAB2B,RAB26,16,1.2,48.1
RAB37,RAB1B,16,1.2,48.1
RAB5A,RAB11B,16,1.2,48.1
RAB19,RAB6B,16,1.2,48.1
RAB9B,RAB7B,16,1.2,48.1
RAB41,RAB28,16,1.2,48.1
RAB14,RAB40A,15,0.2,42.9
RAB20,RAB40B,15,0.2,42.9
RAB5C,RAB25,15,0.2,42.9
RAB31,RAB40A,15,0.2,42.9
RAB2B,RAB40C,15,0.2,42.9
RAB2B,RAB40A,15,0.2,42.9
RAB33A,RAB1A,15,0.2,42.9
RAB31,RAB7B,15,0.2,42.9
RAB27B,RAB33A,15,0.2,42.9
RAB40A,RAB1B,15,0.2,42.9
RAB25,RAB39B,15,0.2,42.9
RAB27B,RAB15,15,0.2,42.9
RAB33A,RAB40A,15,0.2,42.9
RASEF,RAB40A,15,0.2,42.9
RASEF,RAB43,15,0.2,42.9
RASEF,RAB11B,15,0.2,42.9
RAB28,RAB7B,15,0.2,42.9
RAB34,RASEF,15,0.2,42.9
RAB40A,RAB7B,15,0.2,42.9
RAB39A,RAB7B,15,0.2,42.9
RAB31,RAB40C,15,0.2,42.9
RAB39B,RAB4B,15,0.2,42.9
RAB39B,RAB4A,15,0.2,42.9
RAB39B,RAB3B,15,0.2,42.9
RAB9A,RAB4B,15,0.2,42.9
RAB9A,RAB40A,15,0.2,42.9
RAB19,RAB8A,15,0.2,42.9
RAB19,RAB6C,15,0.2,42.9
RAB23,RASEF,15,0.2,42.9
RAB13,RAB33B,15,0.2,42.9
RAB36,RAB44,15,0.2,42.9
RAB20,RAB33B,15,0.2,42.9
RAB21,RAB33B,15,0.2,42.9
RAB9A,RAB37,15,0.2,42.9
RAB9A,RAB40C,15,0.2,42.9
RAB33A,RAB6C,15,0.2,42.9
RAB30,RAB40B,15,0.2,42.9
RAB9B,RAB6C,15,0.2,42.9
RAB30,RAB6B,15,0.2,42.9
RAB5C,RAB32,15,0.2,42.9
RAB5C,RAB38,15,0.2,42.9
RAB27A,RAB39B,15,0.2,42.9
RAB39B,RAB39A,15,0.2,42.9
RAB39B,RAB42,15,0.2,42.9
RAB6B,RAB8A,15,0.2,42.9
RAB41,RAB44,15,0.2,42.9
RAB7A,RAB2B,15,0.2,42.9
RASEF,RAB6D,15,0.2,42.9
RAB36,RAB4B,15,0.2,42.9
RAB41,RAB39A,15,0.2,42.9
RAB5B,RAB40A,15,0.2,42.9
RAB18,RAB3D,15,0.2,42.9
RAB36,RAB6B,15,0.2,42.9
RAB27A,RAB41,15,0.2,42.9
RAB36,RAB43,15,0.2,42.9
RAB5C,RAB39A,15,0.2,42.9
RAB30,RAB7B,15,0.2,42.9
RAB5C,RAB4A,15,0.2,42.9
RAB38,RAB41,15,0.2,42.9
RAB5C,RAB24,15,0.2,42.9
RAB22A,RAB31,15,0.2,42.9
RAB22A,RAB37,15,0.2,42.9
RAB1A,RAB15,15,0.2,42.9
RAB34,RAB14,15,0.2,42.9
RAB13,RAB6B,15,0.2,42.9
RAB5C,RAB28,15,0.2,42.9
RAB5C,RAB26,15,0.2,42.9
RAB1A,RAB8B,15,0.2,42.9
RAB10,RAB40B,15,0.2,42.9
RAB29,RAB39B,15,0.2,42.9
RAB29,RAB8B,15,0.2,42.9
RAB11A,RAB5A,15,0.2,42.9
RAB5A,RAB33B,15,0.2,42.9
RAB35,RAB40C,15,0.2,42.9
RAB17,RAB41,15,0.2,42.9
RAB17,RAB6B,15,0.2,42.9
RAB35,CRACR2A,15,0.2,42.9
RAB2A,RAB39B,15,0.2,42.9
RAB2A,RASEF,15,0.2,42.9
RAB21,RAB6B,15,0.2,42.9
RAB3D,RASEF,15,0.2,42.9
RAB33B,RAB37,15,0.2,42.9
RAB33B,RAB1B,15,0.2,42.9
RAB32,RAB39B,15,0.2,42.9
RAB36,RAB32,15,0.2,42.9
RAB6A,RAB40C,15,0.2,42.9
RAB27B,RAB8B,15,0.2,42.9
RAB27B,RAB19,15,0.2,42.9
CRACR2A,RAB31,15,0.2,42.9
RAB36,RAB25,15,0.2,42.9
RAB27B,RAB7B,14,-0.8,38.1
RAB42,RAB7B,14,-0.8,38.1
RAB40A,RAB6A,14,-0.8,38.1
RAB6A,RAB7B,14,-0.8,38.1
RAB5C,RAB22A,14,-0.8,38.1
RAB2B,CRACR2A,14,-0.8,38.1
RAB37,RAB11B,14,-0.8,38.1
RASEF,RAB4B,14,-0.8,38.1
RASEF,RAB3B,14,-0.8,38.1
RAB25,RASEF,14,-0.8,38.1
RAB23,RAB7B,14,-0.8,38.1
RAB17,RASEF,14,-0.8,38.1
RAB18,RAB40C,14,-0.8,38.1
RAB5C,RAB6D,14,-0.8,38.1
RAB25,RAB41,14,-0.8,38.1
RAB23,RAB39B,14,-0.8,38.1
RAB5B,RAB7B,14,-0.8,38.1
RAB36,RAB3B,14,-0.8,38.1
RAB36,RAB40A,14,-0.8,38.1
RAB8B,RAB6C,14,-0.8,38.1
RAB8B,RAB7B,14,-0.8,38.1
RAB5C,RAB3C,14,-0.8,38.1
RAB5C,RAB4B,14,-0.8,38.1
RAB34,RAB5B,14,-0.8,38.1
RAB34,RAB35,14,-0.8,38.1
RAB1A,RAB6B,14,-0.8,38.1
RAB1A,RAB19,14,-0.8,38.1
RAB11A,RAB30,14,-0.8,38.1
RAB38,RAB6B,14,-0.8,38.1
RAB38,RASEF,14,-0.8,38.1
RAB5C,RAB3B,14,-0.8,38.1
RAB8A,RAB7B,14,-0.8,38.1
RAB4B,RAB7B,14,-0.8,38.1
RAB29,RAB19,14,-0.8,38.1
RAB30,RAB11B,14,-0.8,38.1
RAB36,RAB4A,14,-0.8,38.1
RAB10,RAB11B,14,-0.8,38.1
RAB36,RAB5A,14,-0.8,38.1
RAB3C,RAB7B,14,-0.8,38.1
RAB6B,RAB26,14,-0.8,38.1
RAB7A,RAB9B,14,-0.8,38.1
RAB34,RAB9A,14,-0.8,38.1
RAB32,RAB6B,14,-0.8,38.1
RAB34,RAB44,14,-0.8,38.1
RAB41,RAB42,14,-0.8,38.1
RAB3D,RAB9B,14,-0.8,38.1
RAB9B,RAB40A,14,-0.8,38.1
RAB1A,RAB39B,14,-0.8,38.1
RAB11A,RAB37,14,-0.8,38.1
RAB20,RAB7B,14,-0.8,38.1
RAB10,RAB11A,14,-0.8,38.1
RAB32,RAB41,14,-0.8,38.1
RAB9A,RAB33B,14,-0.8,38.1
RAB13,RAB7B,14,-0.8,38.1
RAB34,RAB1B,14,-0.8,38.1
RAB34,RAB2B,14,-0.8,38.1
RAB22A,RAB2B,14,-0.8,38.1
RAB34,RAB6A,14,-0.8,38.1
RAB39B,RAB8A,14,-0.8,38.1
RAB41,RAB4B,14,-0.8,38.1
RAB33B,RAB6A,14,-0.8,38.1
RAB33B,RAB44,14,-0.8,38.1
RAB27A,RAB36,14,-0.8,38.1
RAB37,RAB7B,14,-0.8,38.1
RAB39B,RAB6D,14,-0.8,38.1
RASEF,RAB39A,14,-0.8,38.1
RAB7A,RAB18,14,-0.8,38.1
RAB26,RAB7B,14,-0.8,38.1
RAB4A,RAB7B,14,-0.8,38.1
RAB15,RAB40C,14,-0.8,38.1
RAB3B,RAB7B,14,-0.8,38.1
RAB3D,RAB19,14,-0.8,38.1
RAB14,RAB33B,14,-0.8,38.1
RAB40C,RAB7B,14,-0.8,38.1
RAB44,RAB7B,14,-0.8,38.1
RAB17,RAB7B,14,-0.8,38.1
RAB40B,RAB13,14,-0.8,38.1
RAB36,RAB23,14,-0.8,38.1
RAB2A,RAB6B,14,-0.8,38.1
RAB35,RAB33B,14,-0.8,38.1
RAB35,RAB40A,14,-0.8,38.1
RAB21,RAB40B,14,-0.8,38.1
RAB43,RAB7B,13,-1.8,33.6
RAB6C,RAB7B,13,-1.8,33.6
RAB28,RASEF,13,-1.8,33.6
RASEF,RAB26,13,-1.8,33.6
RAB25,RAB7B,13,-1.8,33.6
RAB3D,RAB8B,13,-1.8,33.6
RAB5C,CRACR2A,13,-1.8,33.6
RAB39B,RAB6C,13,-1.8,33.6
RAB34,RAB31,13,-1.8,33.6
RAB40B,RAB6A,13,-1.8,33.6
RAB20,RAB6B,13,-1.8,33.6
RAB20,RAB11B,13,-1.8,33.6
RAB15,RAB6B,13,-1.8,33.6
RAB36,RAB6D,13,-1.8,33.6
RAB27B,RAB3A,13,-1.8,33.6
RAB1B,RAB7B,13,-1.8,33.6
RAB3A,RAB40C,13,-1.8,33.6
RAB27A,RAB6B,13,-1.8,33.6
RAB27A,RASEF,13,-1.8,33.6
RAB21,RAB11B,13,-1.8,33.6
RAB40B,RAB1B,13,-1.8,33.6
RAB3A,RAB3B,13,-1.8,33.6
RAB3A,CRACR2A,13,-1.8,33.6
RAB13,RAB11B,13,-1.8,33.6
RAB5A,RAB41,13,-1.8,33.6
RAB5A,RAB6B,13,-1.8,33.6
RAB6B,RAB4A,13,-1.8,33.6
RAB21,RAB11A,13,-1.8,33.6
RAB3C,RAB6B,13,-1.8,33.6
RAB5B,RAB40B,13,-1.8,33.6
RAB19,RAB7B,13,-1.8,33.6
RAB41,RAB26,13,-1.8,33.6
RAB41,RAB4A,13,-1.8,33.6
RAB41,RAB3B,13,-1.8,33.6
RAB5A,RAB7B,13,-1.8,33.6
RAB19,RAB40C,13,-1.8,33.6
RAB9A,RAB7B,13,-1.8,33.6
RAB9B,RAB40C,13,-1.8,33.6
RAB9A,RAB40B,13,-1.8,33.6
RAB9A,RAB11B,13,-1.8,33.6
RAB5B,RAB33B,13,-1.8,33.6
RAB18,RAB34,13,-1.8,33.6
RAB33A,RAB40C,13,-1.8,33.6
RAB41,RAB43,13,-1.8,33.6
RAB3D,RAB5C,13,-1.8,33.6
RAB5C,RAB37,13,-1.8,33.6
RAB5C,RAB6C,13,-1.8,33.6
RASEF,RAB44,13,-1.8,33.6
RAB7A,RAB3A,13,-1.8,33.6
RAB7A,RAB5C,13,-1.8,33.6
RAB6B,RAB43,13,-1.8,33.6
RAB6B,RAB39A,13,-1.8,33.6
CRACR2A,RAB7B,13,-1.8,33.6
RAB18,RAB22A,13,-1.8,33.6
RAB18,CRACR2A,13,-1.8,33.6
RAB23,RAB41,13,-1.8,33.6
RAB5C,RAB42,13,-1.8,33.6
RAB7A,RAB15,13,-1.8,33.6
RAB7A,RAB19,13,-1.8,33.6
RASEF,RAB42,13,-1.8,33.6
RAB11A,RAB13,13,-1.8,33.6
RAB9B,RAB22A,13,-1.8,33.6
RAB9B,CRACR2A,13,-1.8,33.6
RAB11A,RAB9A,13,-1.8,33.6
RAB11A,RAB20,13,-1.8,33.6
RAB40B,RAB44,13,-1.8,33.6
CRACR2A,RAB15,13,-1.8,33.6
RAB27B,RAB6B,13,-1.8,33.6
RAB27B,RAB39B,13,-1.8,33.6
RAB14,RAB40B,13,-1.8,33.6
RAB3D,RAB33A,13,-1.8,33.6
RAB3D,RAB15,13,-1.8,33.6
RAB31,RAB33B,13,-1.8,33.6
RAB36,RAB29,12,-2.8,29.4
RAB14,RAB11B,12,-2.8,29.4
RAB36,RAB6C,12,-2.8,29.4
RAB11A,RAB14,12,-2.8,29.4
RAB39B,RAB40A,12,-2.8,29.4
RAB34,RAB19,12,-2.8,29.4
RAB27A,RAB7B,12,-2.8,29.4
RAB22A,RAB33A,12,-2.8,29.4
RAB22A,RAB15,12,-2.8,29.4
RAB22A,RAB19,12,-2.8,29.4
RAB22A,RAB6B,12,-2.8,29.4
RAB29,RAB41,12,-2.8,29.4
RAB34,RAB9B,12,-2.8,29.4
RAB7A,RAB33A,12,-2.8,29.4
RAB8B,RAB40C,12,-2.8,29.4
RAB18,RAB33B,12,-2.8,29.4
RAB35,RAB40B,12,-2.8,29.4
RAB35,RAB11B,12,-2.8,29.4
RAB23,RAB6B,12,-2.8,29.4
RAB6B,RAB3B,12,-2.8,29.4
RAB6B,RAB24,12,-2.8,29.4
RAB3C,RASEF,12,-2.8,29.4
RAB41,RAB40A,12,-2.8,29.4
RAB2A,RAB7B,12,-2.8,29.4
RAB22A,RAB7B,12,-2.8,29.4
RAB5C,RAB40C,12,-2.8,29.4
RAB33A,RAB7B,12,-2.8,29.4
RAB5B,RAB11B,12,-2.8,29.4
RAB36,RAB8A,12,-2.8,29.4
RAB6B,RAB28,12,-2.8,29.4
RAB7A,RAB8B,12,-2.8,29.4
RAB7A,RAB7B,12,-2.8,29.4
RAB41,RAB6D,12,-2.8,29.4
RAB3A,RAB40A,12,-2.8,29.4
RAB3A,RAB32,12,-2.8,29.4
RAB36,RAB2A,12,-2.8,29.4
RAB3A,RAB6C,12,-2.8,29.4
RAB3A,RAB6D,12,-2.8,29.4
RAB3A,RAB42,12,-2.8,29.4
RAB27B,RAB36,12,-2.8,29.4
RAB6A,RAB11B,12,-2.8,29.4
RAB6D,RAB7B,12,-2.8,29.4
RAB11B,RAB44,12,-2.8,29.4
RAB1B,RAB11B,12,-2.8,29.4
RAB3D,RAB7B,12,-2.8,29.4
RAB11A,RAB1B,12,-2.8,29.4
RAB11A,RAB6A,12,-2.8,29.4
RAB11A,RAB44,12,-2.8,29.4
RAB36,RAB7B,12,-2.8,29.4
RAB11A,RAB5B,12,-2.8,29.4
RAB11A,RAB35,12,-2.8,29.4
RAB22A,RAB8B,12,-2.8,29.4
RAB6B,RAB42,12,-2.8,29.4
RAB6B,RAB6C,12,-2.8,29.4
RAB6B,RAB6D,12,-2.8,29.4
RAB34,RAB15,12,-2.8,29.4
RASEF,RAB24,12,-2.8,29.4
RAB1A,RAB7B,12,-2.8,29.4
RAB40B,RAB31,12,-2.8,29.4
RAB24,RAB7B,12,-2.8,29.4
RAB2B,RAB33B,12,-2.8,29.4
CRACR2A,RAB19,12,-2.8,29.4
CRACR2A,RAB33A,12,-2.8,29.4
CRACR2A,RAB8B,12,-2.8,29.4
RAB3A,RAB28,12,-2.8,29.4
RAB5A,RASEF,12,-2.8,29.4
RAB10,RASEF,12,-2.8,29.4
RAB2B,RAB7B,11,-3.8,25.5
RAB13,RASEF,11,-3.8,25.5
RAB2A,RAB41,11,-3.8,25.5
RAB35,RAB7B,11,-3.8,25.5
RAB10,RAB7B,11,-3.8,25.5
RAB9A,RASEF,11,-3.8,25.5
RAB9B,RAB33B,11,-3.8,25.5
RAB11A,RAB31,11,-3.8,25.5
RAB3A,RAB26,11,-3.8,25.5
RAB3A,RAB4A,11,-3.8,25.5
RAB3A,RAB43,11,-3.8,25.5
RAB31,RAB11B,11,-3.8,25.5
RAB3A,RAB1A,11,-3.8,25.5
RAB15,RAB33B,11,-3.8,25.5
RAB15,RAB7B,11,-3.8,25.5
RAB40B,RAB19,11,-3.8,25.5
RAB22A,RAB39B,11,-3.8,25.5
RAB33A,RAB33B,11,-3.8,25.5
RAB3D,RAB6B,11,-3.8,25.5
RAB3D,RAB39B,11,-3.8,25.5
RASEF,RAB37,11,-3.8,25.5
RASEF,RAB6A,11,-3.8,25.5
RAB18,RAB40B,11,-3.8,25.5
RAB25,RAB6B,11,-3.8,25.5
RAB5C,RAB40A,11,-3.8,25.5
RAB36,RAB1A,11,-3.8,25.5
RAB6B,RAB7B,11,-3.8,25.5
RAB34,RAB33A,11,-3.8,25.5
RAB21,RAB7B,11,-3.8,25.5
RAB34,RAB8B,11,-3.8,25.5
RAB39B,RAB40C,11,-3.8,25.5
RAB34,RAB7B,11,-3.8,25.5
RAB41,RAB6C,11,-3.8,25.5
RAB6B,RAB4B,11,-3.8,25.5
RAB6B,RAB33B,11,-3.8,25.5
RAB6B,RAB37,11,-3.8,25.5
RAB15,RAB40B,11,-3.8,25.5
RAB1A,RAB41,11,-3.8,25.5
RAB36,RAB40C,11,-3.8,25.5
RAB30,RASEF,11,-3.8,25.5
RAB19,RAB33B,11,-3.8,25.5
RAB41,RAB8A,11,-3.8,25.5
RAB3A,RASEF,11,-3.8,25.5
RAB3A,RAB8A,11,-3.8,25.5
RAB3A,RAB4B,11,-3.8,25.5
RAB27B,RAB41,11,-3.8,25.5
RAB2B,RAB40B,11,-3.8,25.5
CRACR2A,RAB6B,11,-3.8,25.5
RAB3A,RAB38,11,-3.8,25.5
RAB3A,RAB22A,11,-3.8,25.5
RAB3A,RAB17,11,-3.8,25.5
RAB3A,RAB25,11,-3.8,25.5
CRACR2A,RAB39B,10,-4.8,22.1
RAB3A,RAB3C,10,-4.8,22.1
RAB2B,RAB11B,10,-4.8,22.1
RAB40B,RAB7B,10,-4.8,22.1
RAB11A,RAB2B,10,-4.8,22.1
RAB11A,RAB15,10,-4.8,22.1
RAB14,RAB7B,10,-4.8,22.1
RAB9B,RAB40B,10,-4.8,22.1
RAB7A,RAB39B,10,-4.8,22.1
RAB41,RAB7B,10,-4.8,22.1
RAB21,RASEF,10,-4.8,22.1
RAB29,RAB7B,10,-4.8,22.1
RAB3A,RAB39A,10,-4.8,22.1
RAB39B,RAB33B,10,-4.8,22.1
RAB18,RAB11B,10,-4.8,22.1
RAB5C,RAB7B,10,-4.8,22.1
RAB8B,RAB33B,10,-4.8,22.1
RAB5C,RAB33B,10,-4.8,22.1
RAB39B,RAB7B,10,-4.8,22.1
RAB5C,RAB34,10,-4.8,22.1
RASEF,RAB1B,10,-4.8,22.1
RAB6B,RAB40C,10,-4.8,22.1
RAB33B,RAB7B,10,-4.8,22.1
RAB15,RAB11B,10,-4.8,22.1
RAB14,RASEF,10,-4.8,22.1
RAB36,RAB3D,10,-4.8,22.1
RAB3A,RAB24,10,-4.8,22.1
RAB18,RAB11A,10,-4.8,22.1
RAB5B,RASEF,10,-4.8,22.1
RAB3A,RAB23,10,-4.8,22.1
RAB3A,RAB29,10,-4.8,22.1
RAB19,RAB11B,9,-5.8,19.1
RAB9B,RAB11B,9,-5.8,19.1
RAB40B,RAB8B,9,-5.8,19.1
RAB33A,RAB40B,9,-5.8,19.1
RAB5C,RAB11B,9,-5.8,19.1
RAB35,RASEF,9,-5.8,19.1
RAB27A,RAB3A,9,-5.8,19.1
RAB36,RAB33B,9,-5.8,19.1
RAB41,RAB40C,9,-5.8,19.1
RAB7A,RAB36,9,-5.8,19.1
RAB3A,RAB5A,9,-5.8,19.1
RAB3D,RAB41,9,-5.8,19.1
RAB11B,RAB7B,9,-5.8,19.1
RAB2A,RAB3A,9,-5.8,19.1
RAB36,RAB34,9,-5.8,19.1
RAB36,CRACR2A,9,-5.8,19.1
RAB11A,RAB7B,9,-5.8,19.1
RAB34,RAB39B,9,-5.8,19.1
RAB5C,RAB40B,9,-5.8,19.1
RAB11A,RAB9B,9,-5.8,19.1
RAB20,RASEF,9,-5.8,19.1
RAB11A,RAB5C,9,-5.8,19.1
RAB11A,RAB19,9,-5.8,19.1
RAB7A,RAB6B,9,-5.8,19.1
RASEF,RAB7B,9,-5.8,19.1
RAB2B,RASEF,8,-6.8,16.4
RAB33A,RAB11B,8,-6.8,16.4
RAB40B,RAB39B,8,-6.8,16.4
RAB3A,RAB37,8,-6.8,16.4
RAB39B,RAB11B,8,-6.8,16.4
RAB34,RAB6B,8,-6.8,16.4
RAB11A,RAB33A,8,-6.8,16.4
RAB10,RAB3A,8,-6.8,16.4
RAB5C,RASEF,8,-6.8,16.4
RAB6B,RASEF,8,-6.8,16.4
RAB41,RAB33B,8,-6.8,16.4
RAB11A,RAB39B,8,-6.8,16.4
RAB7A,RAB41,8,-6.8,16.4
RAB11A,RAB8B,8,-6.8,16.4
RAB3A,RAB20,8,-6.8,16.4
RAB36,RAB40B,8,-6.8,16.4
RAB8B,RAB11B,8,-6.8,16.4
RAB6B,RAB40A,8,-6.8,16.4
RAB36,RAB22A,8,-6.8,16.4
RASEF,RAB31,8,-6.8,16.4
RAB22A,RAB41,8,-6.8,16.4
RAB3A,RAB30,8,-6.8,16.4
RAB9B,RASEF,7,-7.8,14.0
RAB40B,RAB6B,7,-7.8,14.0
RAB21,RAB3A,7,-7.8,14.0
RAB3A,RAB13,7,-7.8,14.0
RAB6B,RAB11B,7,-7.8,14.0
RAB18,RASEF,7,-7.8,14.0
RAB11A,RAB6B,7,-7.8,14.0
RAB15,RASEF,7,-7.8,14.0
RAB34,RAB41,7,-7.8,14.0
CRACR2A,RAB41,7,-7.8,14.0
RAB3A,RAB35,7,-7.8,14.0
RAB3A,RAB14,7,-7.8,14.0
RAB3A,RAB5B,6,-8.8,11.9
RAB3A,RAB7B,6,-8.8,11.9
RAB3A,RAB1B,6,-8.8,11.9
RAB3A,RAB6A,6,-8.8,11.9
RAB3A,RAB44,6,-8.8,11.9
RAB36,RAB11B,6,-8.8,11.9
RAB40B,RAB41,6,-8.8,11.9
RAB19,RASEF,6,-8.8,11.9
RAB3A,RAB31,6,-8.8,11.9
RASEF,RAB8B,6,-8.8,11.9
RAB33A,RASEF,6,-8.8,11.9
RAB11A,RAB41,6,-8.8,11.9
RAB41,RAB11B,6,-8.8,11.9
RAB39B,RASEF,6,-8.8,11.9
RAB3A,RAB9A,6,-8.8,11.9
RAB36,RAB11A,6,-8.8,11.9
RAB3A,RAB15,5,-9.8,10.0
RAB18,RAB3A,5,-9.8,10.0
RAB3A,RAB9B,5,-9.8,10.0
RAB3A,RAB39B,4,-10.8,8.3
RAB3A,RAB8B,4,-10.8,8.3
RAB3A,RAB19,4,-10.8,8.3
RAB3A,RAB6B,4,-10.8,8.3
RAB3A,RAB2B,4,-10.8,8.3
RAB3A,RAB33A,4,-10.8,8.3
RAB3A,RAB5C,4,-10.8,8.3
RAB36,RAB3A,3,-11.8,6.6
RAB3A,RAB41,3,-11.8,6.6
RAB41,RASEF,3,-11.8,6.6
RAB36,RASEF,3,-11.8,6.6
